0,Mieszko,Sosnówka,14311151467,aleja Parkowa 222 56-009 Sandomierz,krystian59@example.org,783 860 603
1,Sara,Pachuta,04302007705,pl. Bankowa 34 44-348 Zawiercie,lyczaktola@example.net,+48 22 422 53 48
2,Monika,Prucnal,94071046171,aleja Rolnicza 14 04-951 Słupsk,cypriankryszczuk@example.net,796 780 607
3,Natan,Budniak,14241458694,ul. Perłowa 22/23 75-741 Legnica,bekignacy@example.com,790 950 475
4,Albert,Durlej,72072930004,ulica Lwowska 60 07-472 Bolesławiec,maurycy25@example.org,+48 516 732 953
5,Tadeusz,Widłak,24220863285,al. Lotnicza 63 10-330 Katowice,adrianna88@example.org,669 009 439
6,Dagmara,Mycek,02241341229,al. Strumykowa 01/79 51-063 Zgorzelec,stanislawekmonika@example.com,534 041 703
7,Sonia,Geisler,12313007175,aleja Wiosenna 95/35 17-805 Konin,ngusciora@example.org,+48 797 598 203
8,Mieszko,Kuryłowicz,06301480057,aleja Spółdzielcza 67/79 09-941 Środa Wielkopolska,blazejjenek@example.net,728 570 336
9,Tola,Kurc,71111522082,plac Cyprysowa 314 07-290 Jawor,eliza92@example.net,+48 572 033 333
10,Hubert,Duchnik,04272845422,al. Osiedlowa 100 76-829 Otwock,adrian07@example.org,+48 732 320 804
11,Błażej,Trochimiuk,93111724264,pl. Ściegiennego 91/65 50-520 Wrocław,fiolkarozalia@example.com,572 618 785
12,Gabriel,Nalewajko,74022861181,aleja Pałacowa 837 17-831 Tarnowskie Góry,walesanorbert@example.net,22 577 94 49
13,Anna Maria,Błaszyk,93012977149,plac Gdańska 129 53-966 Pruszków,sebastian10@example.com,731 566 252
14,Marcelina,Głowiak,92081964885,ulica Bydgoska 53 48-833 Oleśnica,pocztamelania@example.com,+48 736 778 411
15,Kaja,Piekara,75021147319,plac Krokusowa 15/52 84-699 Lublin,iradke@example.com,666 028 696
16,Apolonia,Gradek,07260405165,al. Sienkiewicza 29/63 10-785 Opole,konrad83@example.net,+48 32 795 72 59
17,Cyprian,Prokopiak,12261785996,aleja Tysiąclecia 38/06 82-788 Łowicz,wzugaj@example.net,+48 508 413 149
18,Nikodem,Poniedziałek,91070788402,ulica Handlowa 77/66 81-820 Tarnobrzeg,sporyszmarek@example.net,+48 795 868 138
19,Borys,Fidor,22241079735,pl. Osiedlowa 87/27 61-823 Piastów,patoladominik@example.net,+48 785 259 453
20,Adrian,Ratka,88022119229,aleja Korczaka 23 61-289 Kłodzko,daniel71@example.net,+48 780 681 453
21,Radosław,Kawala,99111630008,ulica Słoneczna 923 73-700 Siedlce,kajaopas@example.net,578 891 109
22,Olga,Porzucek,06262758127,ulica Szpitalna 22/80 51-681 Lubin,cezary47@example.com,+48 22 259 24 74
23,Karina,Klatka,96082126992,pl. Stolarska 18 18-232 Legionowo,wittbrodtartur@example.org,+48 579 345 793
24,Leonard,Kruś,77092330344,pl. Pszenna 54 74-532 Iława,fabianstaniewicz@example.com,+48 699 023 816
25,Andrzej,Rurarz,03242236138,plac Zbożowa 738 25-509 Bielsko-Biała,ewelinawawszczyk@example.org,+48 665 464 862
26,Julian,Wujek,19243000160,aleja Słowackiego 238 44-463 Zielona Góra,maurycystrycharz@example.net,+48 880 619 463
27,Ewelina,Chowaniak,76063014623,aleja Klasztorna 71/26 30-968 Starogard Gdański,wilmamariusz@example.com,669 870 112
28,Andrzej,Mieszała,08242810355,plac Fabryczna 834 65-216 Białystok,rolaknatan@example.net,+48 507 265 678
29,Mieszko,Pela,93123005856,ulica Okulickiego 56/50 71-216 Police,tfranczuk@example.org,+48 502 161 343
30,Błażej,Zachwieja,78122357708,al. Zacisze 846 52-742 Głogów,natanjoniak@example.com,512 536 742
31,Malwina,Wierzchoń,19320315064,ulica Kochanowskiego 26 46-648 Kołobrzeg,blankalachacz@example.com,32 879 50 82
32,Kajetan,Miąsik,23281605481,plac Zakole 23 33-980 Zielona Góra,klyszczwitold@example.net,+48 32 266 42 73
33,Alan,Wawrzonek,70112021729,plac Rubinowa 99 42-093 Bielawa,fabiankretowicz@example.org,+48 739 643 283
34,Tobiasz,Podpora,00321698861,pl. Kasztanowa 73 14-179 Krotoszyn,vprzybycien@example.net,+48 22 476 44 19
35,Eryk,Ślebioda,72071423635,aleja Górnicza 99/58 93-468 Świebodzice,karina55@example.net,533 473 674
36,Tymon,Synak,12233172238,aleja Plater 36 24-049 Mysłowice,barankiewiczagnieszka@example.org,790 756 167
37,Dorota,Kosidło,84032752823,pl. Mickiewicza 74/89 36-253 Pruszcz Gdański,emesjasz@example.org,+48 602 789 657
38,Bruno,Potęga,03231892141,aleja Nałkowskiej 92 31-034 Zgorzelec,przemyslaw16@example.net,+48 781 937 600
39,Ernest,Chojna,71021038275,ulica Kwiatowa 145 88-944 Warszawa,marcelcmiel@example.org,32 328 12 38
40,Dagmara,Osik,84012541007,ulica Srebrna 991 59-282 Zabrze,skaralus@example.com,660 056 729
41,Anita,Pawliczek,83030632689,pl. Dąbrowskiej 354 44-433 Reda,elzbieta11@example.net,+48 697 771 017
42,Olga,Masny,20220341253,plac Pomorska 90/92 15-919 Wągrowiec,kfrost@example.com,+48 693 009 785
43,Anastazja,Simon,21220128158,ul. Glówna 026 49-168 Nowy Dwór Mazowiecki,ida78@example.net,+48 607 808 761
44,Tadeusz,Borysiak,19312588502,ul. Sowia 46/62 52-185 Świebodzice,robert68@example.com,791 366 895
45,Adrianna,Kalisiak,12302497477,al. Środkowa 64 31-188 Knurów,jozefgapys@example.com,+48 510 677 875
46,Maciej,Godzik,23212080831,plac Krucza 92 60-181 Wągrowiec,rposluszna@example.org,882 068 254
47,Tymon,Paw,70012148771,plac Chabrowa 90 13-507 Sopot,biankajonak@example.net,608 346 628
48,Malwina,Wawrzeńczyk,03242392528,ul. Skrajna 28/21 56-050 Ostrowiec Świętokrzyski,fkubaczyk@example.net,690 811 121
