0,Fryderyk,Kulczak,13250818459,al. Łączna 624 52-661 Jaworzno,zastawnytomasz@example.com,+48 729 117 519
1,Jan,Maksimowicz,83081697563,ulica Wojciecha 184 60-637 Kielce,antoni75@example.com,782 103 007
2,Karina,Minkiewicz,00311883897,ulica Żwirowa 26/17 42-416 Zgierz,eszymanik@example.net,792 326 328
3,Szymon,Woda,12320183855,aleja Bukowa 108 95-625 Biłgoraj,angelikakawula@example.com,503 563 686
4,Antoni,Łudzik,73091794156,ulica Zielna 50/58 87-233 Wejherowo,tymoteuszsadowy@example.org,+48 784 873 049
5,Karina,Matla,22240986531,ul. Cegielniana 43/42 47-604 Nowa Ruda,radziewicztymon@example.com,+48 734 815 660
6,Dominik,Letkiewicz,95100549098,ul. Tulipanowa 22/68 87-921 Sieradz,alankolak@example.org,697 887 849
7,Konrad,Szałkiewicz,17280804842,pl. Średnia 490 97-303 Chorzów,tola57@example.com,+48 533 792 622
8,Paweł,Szpila,89030931148,aleja Rumiankowa 44 18-235 Zawiercie,tomasz77@example.net,790 113 915
9,Adrian,Dub,23272994745,ulica Słowicza 980 09-981 Swarzędz,nczupryn@example.com,692 250 586
10,Mieszko,Kulus,20241393459,ul. Krzywa 60/59 29-497 Sieradz,agras@example.net,+48 669 106 948
11,Juliusz,Dziopa,76042633353,plac Modrzewiowa 22/91 09-806 Ostrowiec Świętokrzyski,oleksiewiczdamian@example.net,+48 736 211 079
12,Nicole,Wylegała,01262680805,ul. Słonecznikowa 29/48 44-129 Leszno,oandrzejuk@example.com,+48 22 344 10 70
13,Jędrzej,Żymełka,85031584804,al. Leśna 04/56 93-990 Chojnice,kolesnikpiotr@example.net,885 843 080
14,Szymon,Klyta,91033059064,ul. Zachodnia 028 34-885 Sosnowiec,nicolecukier@example.com,882 768 151
15,Kornelia,Gorgol,12230853679,ul. Piastowska 84 89-745 Reda,tymoteuszdudziec@example.com,+48 536 169 927
16,Angelika,Mitek,14261024114,ulica Borowa 465 11-046 Łaziska Górne,klarakansy@example.org,514 060 467
17,Tola,Tłuczek,91091812458,ul. Bociania 68 71-832 Iława,kubowiczsebastian@example.net,698 317 230
18,Maurycy,Zbylut,20312170349,ulica Krucza 187 61-749 Nowy Dwór Mazowiecki,olgierd39@example.net,602 711 519
19,Kaja,Kontny,02241030132,aleja Ludowa 15 56-735 Białystok,lpalgan@example.org,578 994 053
20,Oliwier,Cymer,91022448549,ulica Lelewela 55 72-853 Piotrków Trybunalski,strugmarcel@example.net,579 302 928
21,Maksymilian,Aleksander,16310491748,ul. Wyspiańskiego 292 71-751 Suwałki,mokwastanislaw@example.org,+48 690 343 770
22,Szymon,Karpiak,92121880757,plac Stolarska 13/57 76-718 Wrocław,dominikreszke@example.net,573 491 942
23,Karina,Smykla,82092092941,ulica Błękitna 77 34-376 Konin,merdamarcin@example.net,519 018 675
24,Patryk,Lesisz,73070476228,aleja Browarna 30/89 80-363 Piaseczno,jan70@example.net,736 267 852
25,Nicole,Wochna,80091676832,plac Korczaka 431 58-765 Lublin,maciej25@example.com,660 553 410
26,Urszula,Hawro,14270551582,ulica Spółdzielcza 31 37-581 Nowa Sól,artur77@example.net,+48 530 622 650
27,Nikodem,Gałęza,74080729799,plac Niecała 98/26 84-972 Bytom,rurkakrzysztof@example.org,+48 517 620 773
28,Anastazja,Oszust,77040258065,plac Sienkiewicza 692 30-043 Wrocław,zlesik@example.com,797 027 018
29,Fryderyk,Tyka,09282859081,pl. Krzywa 82 36-098 Ruda Śląska,antoni69@example.org,+48 722 695 081
30,Dorota,Malcher,15290203211,ul. Fabryczna 87 07-628 Zduńska Wola,mateuszdunal@example.net,668 409 554
31,Filip,Iwańczyk,81060827295,plac Sikorskiego 225 59-626 Tarnów,gparafiniuk@example.org,786 616 821
32,Michał,Chuchla,92041898610,al. Szewska 83/51 32-707 Lublin,mszymanik@example.org,+48 22 061 37 67
33,Alan,Giec,98032125624,plac Grottgera 048 46-809 Jarocin,tadeusz14@example.org,+48 721 470 417
34,Andrzej,Mikołajewicz,91032980914,pl. Rejtana 86 88-522 Sanok,bruno25@example.net,530 244 027
35,Ewa,Jessa,91051187703,al. Stycznia 63 28-511 Malbork,yduszkiewicz@example.net,+48 508 701 870
36,Artur,Kozica,03230582452,plac Kaliska 875 37-653 Augustów,przemyslaw59@example.net,+48 515 380 153
37,Natan,Baster,95090601978,al. Żwirowa 92/00 47-811 Lubliniec,gsalomon@example.org,785 908 345
38,Stanisław,Towarek,93081766811,aleja Turkusowa 790 89-504 Bytom,lkazberuk@example.net,+48 697 118 607
39,Stanisław,Szemraj,80072439782,ulica Andersa 85/93 68-405 Wyszków,buglaoliwier@example.org,512 463 749
40,Róża,Rajczyk,76011801927,ul. Łąkowa 59 41-658 Police,orut@example.org,+48 510 443 359
41,Kornelia,Pernak,91031103338,ul. Młynarska 925 49-924 Nysa,nataniel10@example.net,+48 22 273 44 00
42,Maurycy,Panicz,04310463168,pl. Robotnicza 573 15-860 Wągrowiec,hwidlak@example.org,+48 505 218 741
43,Arkadiusz,Kłosowicz,97071503806,pl. Kościuszki 79/51 99-098 Ciechanów,sylwia07@example.org,666 105 705
44,Eryk,Dziechciarz,89060906383,pl. Wąska 39/30 80-700 Kutno,pszczolkamaksymilian@example.org,+48 885 883 226
45,Maks,Niedojadło,75031877448,aleja Boczna 16/12 47-916 Luboń,xkuran@example.org,511 470 458
46,Tymon,Klupś,75063035517,plac Narcyzowa 00/95 59-453 Wrocław,ugwara@example.net,883 577 575
47,Adrianna,Łabuś,05232193405,plac Przechodnia 05/41 54-945 Szczytno,wysotabianka@example.com,+48 694 703 920
48,Adam,Linka,14312329032,pl. Promienna 18 68-251 Świętochłowice,alas@example.org,794 848 515
49,Julita,Piotrak,07232647557,al. Wojska Polskiego 22/07 83-822 Czerwionka-Leszczyny,klinkoszstefan@example.org,+48 721 843 751
50,Konrad,Tekiela,00282167233,ul. Wspólna 89 35-168 Kłodzko,dklus@example.org,22 911 86 66
51,Nela,Dusik,90112444984,ul. Koralowa 47 25-403 Polkowice,ida39@example.net,663 208 721
52,Kaja,Wyłupek,21230453352,ul. Krańcowa 427 77-503 Łuków,adam04@example.net,881 231 957
53,Dorota,Kałwak,83122200482,ulica Plater 993 20-450 Reda,sydordamian@example.com,+48 22 519 57 23
54,Jan,Michalkiewicz,82062811376,ul. Wojska Polskiego 14 17-887 Świętochłowice,karinadawidczyk@example.org,+48 886 796 909
55,Bartek,Doktor,93111627512,pl. Truskawkowa 067 40-021 Toruń,marek29@example.com,+48 884 977 092
56,Angelika,Czajor,10261925677,pl. Moniuszki 26 69-278 Olkusz,lempartigor@example.net,609 106 816
57,Dagmara,Fijałek,05221273574,ul. Wyspiańskiego 102 62-840 Nowa Sól,patrykkolaczyk@example.com,+48 535 947 152
58,Liwia,Winek,93072493548,aleja Dworcowa 01 49-695 Kościerzyna,lesnajedrzej@example.org,+48 786 259 930
59,Rozalia,Zander,17321572693,plac Żytnia 842 27-310 Włocławek,radoslawbielen@example.com,22 581 97 94
60,Cezary,Ciesiółka,22310940656,al. Grottgera 937 33-857 Żyrardów,zpasztaleniec@example.net,+48 509 276 209
61,Sebastian,Kasak,14253040526,ul. Targowa 88/21 36-976 Częstochowa,zgietka@example.org,+48 519 526 380
62,Aurelia,Brzykcy,17281374878,plac Stefana Batorego 33/65 62-832 Puławy,jozef26@example.net,605 662 605
63,Sonia,Dusik,22251456100,ulica Ściegiennego 17/14 86-384 Biała Podlaska,juliuszszambelan@example.net,534 525 515
64,Olgierd,Wita,21252174051,aleja Nowowiejska 46/43 03-409 Goleniów,sandragajownik@example.org,734 339 546
65,Fabian,Graboń,00222562964,plac Błękitna 830 04-026 Skierniewice,sylwia61@example.net,+48 22 748 87 86
66,Dagmara,Chwała,05212763864,al. Mazowiecka 45/27 47-678 Świecie,andrzej41@example.net,+48 601 762 050
67,Agnieszka,Wojtczuk,75072257047,al. Wyszyńskiego 84 37-869 Cieszyn,yhaponiuk@example.com,+48 508 773 152
68,Jakub,Polakiewicz,93011027081,plac Staszica 89/47 30-164 Biała Podlaska,ingadros@example.net,502 161 562
69,Gabriel,Walasik,14242589386,ul. Dąbrowskiej 231 81-455 Gdańsk,fdziczek@example.org,662 312 653
70,Oskar,Stosio,15252112920,al. Majowa 92/21 94-325 Kalisz,xsito@example.net,+48 798 819 932
71,Anastazja,Długozima,05311829685,ul. Rajska 70/08 80-220 Gdynia,rosadaignacy@example.com,663 956 123
72,Hubert,Nicewicz,14321425150,ulica Zielna 31 86-241 Kluczbork,yzmuda@example.org,+48 539 894 076
73,Róża,Pietrak,84052552197,aleja Dąbrowskiej 935 72-226 Goleniów,tobiaszpawlonka@example.net,+48 22 272 92 59
74,Wiktor,Szulist,93042127899,pl. Częstochowska 95/31 64-227 Kutno,zokklara@example.net,578 134 932
75,Sebastian,Frost,05322471936,ulica Ciasna 335 80-279 Bielsk Podlaski,blazej07@example.org,783 538 522
76,Witold,Zbrożek,84012918331,aleja Powstańców Śląskich 95 17-728 Lubliniec,przemyslaw10@example.com,+48 664 473 792
77,Marcel,Szalast,09231637467,plac Starowiejska 80 51-003 Będzin,gpatoka@example.org,509 866 005
78,Ewelina,Zaczyk,15322492185,pl. Powstańców Wielkopolskich 95/98 54-887 Nowy Sącz,jedratymoteusz@example.org,32 743 44 96
79,Nicole,Bastek,89041743088,pl. Leśna 66/52 76-523 Puławy,olafkoziarz@example.net,530 104 162
80,Iwo,Arendarczyk,18242711235,pl. Niecała 30 50-814 Sochaczew,nskup@example.net,781 517 946
81,Jerzy,Gęsiarz,14321462029,al. Jaworowa 61/23 20-722 Skarżysko-Kamienna,gaja04@example.net,723 465 332
82,Justyna,Wizner,89110869040,plac Kowalska 65/04 17-492 Olkusz,miloszkapciak@example.com,+48 663 516 946
83,Bruno,Milewczyk,84033168492,al. Mieszka I 78/56 61-801 Bytom,drywaigor@example.net,+48 798 312 042
84,Jan,Golenia,93123112310,al. Starowiejska 865 74-922 Bielawa,dysjakub@example.org,798 732 960
85,Maks,Kubiaczyk,75071513531,pl. Chabrowa 12 50-261 Stalowa Wola,justynamalcharek@example.org,+48 517 250 855
86,Filip,Peszko,05281206367,aleja Poprzeczna 98/79 03-511 Mysłowice,slomianymichal@example.org,22 484 73 96
87,Antoni,Fronczek,11263026441,plac Promienna 85/87 28-805 Pruszków,mgajdzik@example.org,+48 887 342 306
88,Mikołaj,Pielka,75050914393,ulica Torowa 29 21-401 Biłgoraj,lszymanczak@example.net,+48 792 344 771
89,Jerzy,Zontek,15281274846,ul. Krokusowa 20/02 80-845 Ostrów Mazowiecka,justynatrawka@example.net,515 340 521
90,Kazimierz,Kliszcz,82102282137,ulica Kochanowskiego 71/85 79-870 Słupsk,ewa70@example.org,22 581 86 97
91,Marika,Kociemba,75103027414,plac Niepodległości 03/83 51-898 Gdańsk,kobrynkrystian@example.com,501 213 043
92,Krystian,Musiała,13260192428,aleja Źródlana 97/73 66-557 Świętochłowice,pjodko@example.net,734 489 933
93,Karina,Borysiewicz,76071518618,ul. Powstańców 18/77 53-636 Chojnice,aniela54@example.net,664 147 657
94,Aurelia,Hadała,80080563136,ul. Malczewskiego 46 18-494 Ostrów Wielkopolski,bartekcibor@example.org,500 441 673
95,Marcin,Janczura,07261965587,plac Łąkowa 07/03 74-480 Bełchatów,ymaciocha@example.org,793 647 574
96,Tadeusz,Bisaga,75120486919,plac Jana Pawła II 08 90-023 Świebodzice,konrad58@example.org,537 763 969
97,Angelika,Molek,99091461399,al. Czereśniowa 919 05-698 Ostrołęka,slokaliwia@example.com,512 634 825
98,Oliwier,Kozdroń,24322237722,aleja Pałacowa 88/47 17-302 Suwałki,xmarcol@example.org,661 811 638
99,Mikołaj,Drożdżal,83032595353,ul. Cmentarna 04/92 02-295 Łódź,glazikangelika@example.net,574 595 639
100,Eliza,Smoter,92073109050,plac Asnyka 78/67 68-210 Wałbrzych,xdrobot@example.net,603 605 559
101,Tomasz,Musiolik,23252754877,ulica Dolna 39/56 94-526 Radomsko,sulichtomasz@example.org,691 182 141
102,Cyprian,Kwarciak,70022440409,plac Zielona 51/57 90-517 Płońsk,karina69@example.org,+48 730 981 827
103,Krzysztof,Smolorz,80100672437,ulica Wiejska 37 04-571 Krosno,blazejandrzejuk@example.org,738 403 941
104,Janina,Matacz,77082953290,aleja Miarki 88 17-242 Środa Wielkopolska,burzanikodem@example.net,+48 695 911 553
105,Anna Maria,Żywica,04310361695,al. Sybiraków 745 85-568 Skawina,gkiryluk@example.net,604 639 035
106,Ignacy,Strzelczak,79040837620,aleja Tuwima 84 30-569 Zielona Góra,kurysanita@example.com,515 630 106
107,Ryszard,Gołofit,74110465624,plac Wierzbowa 00/22 20-399 Leszno,paruskonstanty@example.com,791 766 609
108,Klara,Budzeń,73042795069,ul. Wałowa 95/31 02-152 Sopot,przybysblazej@example.com,+48 723 354 966
109,Kamil,Nickel,16291023547,ul. Konwaliowa 27 05-477 Piotrków Trybunalski,orkiszkazimierz@example.net,796 268 114
110,Sonia,Gołofit,01311572660,ulica Cisowa 616 86-027 Wyszków,cieniuchtomasz@example.com,+48 690 829 893
111,Paweł,Graboń,02291603676,ul. Pogodna 76 50-829 Elbląg,sladektymon@example.net,+48 574 021 852
112,Mateusz,Majtyka,76101121780,al. Baczynskiego 98/89 22-877 Ostrowiec Świętokrzyski,bartlomiejczykmarcin@example.net,22 529 59 26
113,Artur,Pik,73061829406,al. Sokola 744 75-788 Czerwionka-Leszczyny,uszymaniuk@example.net,799 957 296
114,Anastazja,Polewka,23241548997,ul. Mokra 438 45-475 Jelenia Góra,tomasz52@example.org,605 833 081
115,Karina,Gleba,09230697244,ulica Rejtana 170 62-333 Krosno,agnieszkajarczak@example.com,882 883 429
116,Nikodem,Lewicz,02233197407,plac Bolesława Chrobrego 77/28 07-367 Jasło,nikodem40@example.com,729 474 368
117,Kornel,Gosik,72032265128,ul. Myśliwska 08/99 88-068 Pruszcz Gdański,adrianna73@example.org,+48 537 609 301
118,Kamil,Guzdek,99101889159,al. Staszica 03 54-381 Dąbrowa Górnicza,jozefmoczko@example.org,786 771 996
119,Oliwier,Gabryelczyk,04270769250,pl. Łączna 67/85 73-507 Krosno,stillerdariusz@example.net,605 767 364
120,Nikodem,Steckiewicz,12262625969,aleja Opolska 06 47-336 Chrzanów,ostregarobert@example.com,+48 694 770 002
121,Jerzy,Labus,89040188725,plac Kasztanowa 91 02-913 Toruń,elizajarosiewicz@example.com,+48 32 302 86 22
122,Arkadiusz,Glanc,24252492439,aleja Staszica 278 06-344 Świnoujście,borysmadrzak@example.org,+48 516 196 901
123,Nataniel,Kamieniak,82041333323,ulica Rejtana 00 65-873 Szczytno,tmartin@example.org,574 671 562
124,Kajetan,Lemieszek,77020838366,ulica Krakowska 913 69-570 Żagań,damiankozieja@example.com,570 608 712
125,Eryk,Drobisz,14220418738,al. Wyspiańskiego 203 80-236 Rumia,czesakkonstanty@example.com,+48 737 652 351
126,Damian,Szymula,93032815953,ulica Mieszka I 14/47 18-864 Elbląg,bborkiewicz@example.org,667 797 490
127,Kalina,Mały,23292621056,ulica Staszica 616 34-931 Łomża,strawakonstanty@example.com,+48 32 158 32 02
128,Anna Maria,Gomoła,16260863512,aleja Wypoczynkowa 96 53-307 Piła,fwijata@example.net,534 745 392
129,Sara,Małys,19283021529,aleja Wieniawskiego 34/06 38-305 Nowa Sól,olga44@example.com,+48 32 088 94 33
130,Karol,Świt,80120147645,ul. Królewska 945 97-277 Piotrków Trybunalski,leonard34@example.net,691 416 331
131,Karina,Osojca,95082991096,pl. Nadrzeczna 75/52 51-466 Wałcz,jerzy14@example.org,+48 506 844 338
132,Krystyna,Zegadło,17240717397,al. Batalionów Chłopskich 86/26 10-058 Mińsk Mazowiecki,adriannapolaszek@example.net,+48 573 522 556
133,Cyprian,Malka,17302529111,pl. Andersa 47/68 42-445 Police,alan08@example.net,515 616 278
134,Konstanty,Nojek,24322374698,ulica Poniatowskiego 530 59-824 Kołobrzeg,andryszczykoskar@example.com,512 749 026
135,Julita,Jakimiak,97102732698,ul. Jabłoniowa 18 79-598 Przemyśl,cmaciuk@example.org,880 327 610
136,Klara,Stachelek,11220588957,aleja Dworska 38/35 90-313 Zgorzelec,mariusz06@example.org,+48 600 455 418
137,Miłosz,Koterba,14312140134,plac Bałtycka 05 27-915 Mielec,ignacy62@example.net,+48 727 888 889
138,Albert,Smolec,05210550279,ulica Irysowa 234 67-382 Bełchatów,damian26@example.org,737 021 114
139,Andrzej,Mikita,12290755359,ulica Morelowa 47 98-042 Gdańsk,kazimierz73@example.com,506 815 477
140,Juliusz,Kostro,07282551156,ul. Księżycowa 476 26-953 Kluczbork,jeremi54@example.net,532 198 452
141,Ida,Grzejszczak,76052878621,ulica Sienkiewicza 831 34-499 Kutno,jacek99@example.com,+48 660 120 181
142,Marcin,Wawszczak,81062087295,al. Miodowa 18/31 20-879 Radom,kajetansajnog@example.com,728 327 687
143,Krystian,Gamoń,97061615432,aleja Wesoła 96/41 65-002 Łomża,nikodemmyrcha@example.org,+48 663 458 527
144,Julita,Stąpór,95120547296,plac Rajska 12 90-897 Wodzisław Śląski,cezarydurma@example.net,+48 32 189 32 20
145,Stanisław,Działak,82052295869,ul. Prosta 616 32-117 Świdnica,vgerlach@example.com,518 826 032
146,Anna Maria,Fita,90072496489,ul. Mała 07 98-441 Mielec,edobron@example.net,+48 885 556 700
147,Andrzej,Krzyszczak,89052633989,ulica Maczka 47/81 81-899 Gorlice,ihamera@example.org,+48 32 927 18 26
148,Maurycy,Trojanek,71101479130,al. Gdańska 264 51-896 Śrem,brunosieradzan@example.net,+48 32 903 52 43
149,Roksana,Bereś,14212640983,ulica Modrzewiowa 06 98-763 Zgierz,dariuszwieja@example.com,786 321 302
150,Franciszek,Subocz,81021070230,al. Północna 50 24-572 Kalisz,piotrpodkowa@example.net,22 884 38 20
151,Wiktor,Czochara,05261435213,plac Klasztorna 38/41 65-200 Kościerzyna,piotrcal@example.org,+48 791 475 227
152,Bartek,Krakowczyk,16320141996,aleja Nowa 564 36-677 Elbląg,gwawrzyk@example.net,+48 695 463 090
153,Ada,Wielgat,14290926113,pl. Długosza 054 02-508 Jasło,zugajaniela@example.org,577 097 065
154,Kaja,Ważny,80122100491,ulica Niecała 57 14-280 Jawor,makuratmikolaj@example.com,785 014 303
155,Maciej,Szpyrka,18232838869,aleja Wolności 88/00 81-956 Kędzierzyn-Koźle,ida25@example.net,698 486 653
156,Monika,Kabala,83061397034,ul. Reja 53/58 09-073 Ełk,zstochaj@example.com,+48 32 430 62 25
157,Justyna,Nurkiewicz,20323069126,plac Odrzańska 23 82-752 Kościan,wskup@example.org,602 266 072
158,Anastazja,Groth,04242074742,aleja Szymanowskiego 99/30 05-966 Iława,matyszczakolgierd@example.net,+48 780 507 877
159,Wojciech,Wężyk,18232252850,aleja Krasickiego 19/18 82-399 Chorzów,flasica@example.com,+48 724 598 253
160,Emil,Kotala,21312104080,pl. Wschodnia 136 99-475 Wołomin,dziugielroksana@example.com,+48 723 125 175
161,Igor,Narożny,87061271897,aleja Wiatraczna 09 95-375 Wyszków,maks02@example.org,518 286 261
162,Maksymilian,Wożniak,80080689937,plac Baczynskiego 714 34-373 Chojnice,qwestfal@example.com,881 691 739
163,Kamila,Sierpień,73042312507,pl. Starowiejska 73/70 87-545 Tarnów,dawid22@example.com,510 410 625
164,Kajetan,Jargiło,91072479926,al. Traugutta 25/95 76-057 Jarocin,rambrozik@example.org,+48 515 580 285
165,Ksawery,Deneka,71042134873,ulica Krótka 82/41 02-532 Wejherowo,kubannicole@example.com,505 981 564
166,Justyna,Wiszowaty,87092951816,al. Jana 844 31-903 Kraków,ebobrowicz@example.com,32 055 43 32
167,Józef,Owsianka,88110365778,plac Irysowa 41 08-082 Rumia,amalcherek@example.org,+48 514 378 141
168,Mikołaj,Chachuła,92051522729,ul. Kolejowa 879 85-230 Kielce,blazejdomino@example.com,694 951 233
169,Jan,Pizoń,87041836142,ul. Pałacowa 40 62-535 Legionowo,qjazwiec@example.com,796 386 068
170,Natasza,Miśko,18230673192,pl. Powstańców Śląskich 561 09-246 Wieluń,arkadiusz15@example.com,22 243 29 71
171,Gaja,Konsek,19252147977,aleja Żurawia 403 58-195 Będzin,budnerantoni@example.org,+48 22 037 14 90
172,Alex,Bulanda,79111102848,al. Wojska Polskiego 43/22 78-591 Chojnice,kaziormariusz@example.org,604 843 379
173,Eryk,Superson,81063022994,al. Korczaka 32 49-588 Białogard,maksymiliangajcy@example.net,514 308 808
174,Elżbieta,Welenc,85061700865,plac Zacisze 44 48-354 Olsztyn,sylwiajereczek@example.com,+48 533 436 588
175,Fabian,Klucznik,23220285741,plac Szkolna 87 53-857 Inowrocław,ernest41@example.net,666 733 859
176,Julian,Janka,22240913100,aleja Zaciszna 57 62-460 Biała Podlaska,szczerbiakdorota@example.net,+48 502 969 565
177,Kazimierz,Strawa,71080486617,ulica Pocztowa 83/36 56-908 Żyrardów,luczkiewiczkamila@example.org,32 555 52 06
178,Monika,Kokosza,94100689885,plac Bukowa 921 44-829 Olsztyn,piotrpiatkiewicz@example.org,795 952 548
179,Tola,Karmelita,81052745466,aleja Szpitalna 94 62-461 Głogów,elzbietanoras@example.com,660 871 355
180,Juliusz,Skomra,04300918124,plac Rózana 72/64 13-323 Ciechanów,mikiciuksara@example.com,+48 793 909 316
181,Piotr,Siekierka,18233039009,al. Podgórna 081 04-302 Rumia,przemyslaw20@example.com,32 292 69 68
182,Sonia,Barłóg,99101187493,aleja Towarowa 54 83-482 Bytom,fszaj@example.net,+48 887 010 192
183,Wiktor,Pal,99012743731,aleja Malczewskiego 47 99-361 Skierniewice,emil93@example.com,796 925 076
184,Konrad,Kaźmierczyk,09221106379,plac Kolejowa 54 56-785 Nowy Dwór Mazowiecki,lsiwczak@example.net,539 246 000
185,Damian,Wabik,99070443691,pl. Zaułek 41/12 46-882 Ostrów Wielkopolski,marianna60@example.net,+48 691 213 511
186,Mieszko,Kurach,85080792089,ulica Mickiewicza 80 92-685 Marki,ada81@example.org,500 289 326
187,Arkadiusz,Gajzler,93071986216,pl. Konwaliowa 39/87 53-410 Gliwice,lmich@example.net,32 284 20 79
188,Piotr,Stachelek,04273127459,ulica Orzechowa 05/80 77-496 Piotrków Trybunalski,hdynak@example.com,+48 506 562 168
189,Tomasz,Dusik,04220906852,ulica Targowa 28 69-273 Zabrze,broter@example.org,+48 512 780 057
190,Rozalia,Nieroda,13300653412,al. Sarnia 014 49-379 Giżycko,antoni60@example.org,+48 780 544 684
191,Alan,Dydak,74040515954,aleja Dworcowa 53 41-676 Bartoszyce,malwinaslabosz@example.net,532 448 306
192,Fryderyk,Gawliczek,21252536400,plac Czarnieckiego 65/73 33-405 Wrocław,urszula18@example.net,22 783 55 76
193,Alex,Prokopczyk,83040196915,plac Drzymały 72 72-847 Nowy Targ,gkleban@example.net,695 748 102
194,Janina,Krzyśko,97030791901,plac Torowa 39/99 01-635 Gniezno,wiktor58@example.net,665 986 571
195,Eliza,Fudalej,12260436022,ulica Leśna 405 67-021 Piła,jerzyrozak@example.com,789 454 319
196,Iwo,Sędek,84052172645,ul. Bolesława Chrobrego 46/23 25-811 Bełchatów,nataniel89@example.com,+48 791 490 224
197,Bartek,Kiliszek,11300644119,aleja Daszyńskiego 04 12-590 Stargard Szczeciński,tymoteuszluks@example.net,516 830 909
198,Tola,Solnica,82041174759,pl. Stolarska 35 31-674 Starachowice,ignacyherbut@example.org,+48 723 084 711
199,Ewelina,Pronobis,95083074129,ul. Podwale 63/61 32-907 Wieluń,julitapryszcz@example.net,788 456 537
200,Nela,Kulis,22301407401,ul. Reymonta 01/67 60-168 Augustów,anna-mariamatulka@example.com,+48 889 140 884
201,Damian,Ignatiuk,99033097183,plac Strażacka 54 72-401 Świdnica,erajczak@example.net,+48 22 491 30 25
202,Bruno,Fularczyk,20322821949,plac Konarskiego 397 98-551 Świebodzice,salachmarcel@example.com,667 776 238
203,Aniela,Królczyk,02312721282,plac Modrzewiowa 363 25-583 Września,gluszkokrzysztof@example.net,605 541 521
204,Karina,Dorobisz,00210410596,ul. Targowa 565 22-202 Tarnowskie Góry,karinaduszczyk@example.org,885 380 152
205,Konstanty,Jażdżyk,12220920888,ulica Makowa 670 34-010 Bełchatów,dkonstanty@example.org,+48 22 509 89 71
206,Ryszard,Sumera,77090334951,ulica Wczasowa 25/02 48-413 Nowy Targ,ksawery58@example.org,508 882 041
207,Marcelina,Pabisiak,23232513281,ul. Orzeszkowej 391 74-196 Szczecinek,julita47@example.net,536 243 175
208,Liwia,Szarejko,16302620037,ul. Liliowa 88/73 07-343 Kościan,stanislawcieciura@example.org,+48 786 928 506
209,Liwia,Moroń,75110767594,ul. Królewska 67 43-690 Reda,hjaremek@example.net,603 593 219
210,Dorota,Pawlaczek,02322171736,ul. Wałowa 19/87 97-104 Leszno,majoreklukasz@example.org,600 802 085
211,Józef,Bazydło,99060918110,aleja Podgórna 28/71 52-491 Dębica,ofiaraurszula@example.net,695 518 600
212,Aleksander,Sarota,81042953484,ul. Łabędzia 211 76-403 Czerwionka-Leszczyny,maderaanastazja@example.net,607 531 305
213,Gaja,Kuboń,91082430766,ul. Stycznia 78 81-335 Wołomin,przerwakonstanty@example.net,572 151 726
214,Hubert,Sporek,86091341853,aleja Letniskowa 311 34-485 Nowa Ruda,maurycy99@example.net,884 225 288
215,Malwina,Matyjas,91091174503,plac Rubinowa 58/85 24-438 Skarżysko-Kamienna,hubertkafel@example.com,+48 784 056 041
216,Monika,Kopyść,17291805867,ulica Piastowska 37 28-630 Mysłowice,yrurka@example.com,+48 730 080 625
217,Maksymilian,Bas,19271150761,plac Bukowa 500 67-764 Kutno,apolonia63@example.com,+48 535 543 272
218,Jerzy,Murach,75060606248,ul. Spółdzielcza 716 81-326 Kościan,juliuszpiskor@example.org,604 204 313
219,Urszula,Jancewicz,17211627948,aleja Konwaliowa 094 92-287 Piaseczno,kornelciechowicz@example.com,+48 602 156 782
220,Wojciech,Pilich,00210126815,aleja Jagiellońska 22 47-424 Brzeg,roberttrybala@example.org,517 597 801
221,Alex,Wójcikiewicz,95111054374,aleja Olchowa 366 94-168 Wrocław,hubertmyszak@example.org,+48 22 902 36 65
222,Jan,Saran,19261322415,pl. Andersa 35/30 34-699 Otwock,fryczsebastian@example.com,+48 507 172 704
223,Norbert,Cymer,23260872093,plac Owocowa 63/30 04-789 Giżycko,olesner@example.net,32 764 21 31
224,Oliwier,Szyc,22260252586,pl. Krótka 235 32-105 Płock,cbotor@example.com,503 212 091
225,Błażej,Antończak,96021730460,pl. Szeroka 98/03 74-032 Marki,fzugaj@example.org,+48 511 634 903
226,Aleks,Szyguła,92121689868,ulica Skośna 87 33-349 Zgierz,stanislaw49@example.com,+48 531 277 602
227,Gabriel,Peciak,82033173441,al. Górnicza 601 78-751 Świdnica,jozefnazar@example.org,+48 722 078 023
228,Leon,Gregorowicz,16262542956,al. Wiosenna 49 57-256 Luboń,ewelinabazylewicz@example.com,+48 531 752 498
229,Fryderyk,Lepak,21242121540,ulica Korczaka 306 05-710 Sanok,rozajeka@example.org,+48 515 499 646
230,Angelika,Fabiańczyk,10252869919,ul. Dobra 56 20-848 Bydgoszcz,frelichksawery@example.org,22 665 12 55
231,Liwia,Czuryło,77042149538,ul. Sowia 272 31-457 Gorlice,anastazja15@example.com,+48 502 521 493
232,Marcelina,Kochanowicz,91051106685,ulica Jarzębinowa 392 24-299 Łomża,vknysak@example.com,+48 22 968 38 16
233,Mariusz,Korek,08220309554,pl. Wolności 21 41-340 Płock,kurbieladrian@example.net,507 889 270
234,Andrzej,Plak,75102636846,ulica Wyspiańskiego 65 70-111 Mysłowice,jakub66@example.com,799 339 654
235,Klara,Gendek,10231778784,pl. Jagodowa 63/77 57-269 Gdynia,ibogdal@example.org,+48 607 788 499
236,Konstanty,Szczubełek,05321544945,aleja Opolska 235 59-191 Ostrów Mazowiecka,marcel48@example.com,782 704 306
237,Maciej,Piątkiewicz,13280840309,pl. Kaliska 13 93-003 Kutno,emigda@example.org,+48 32 318 33 23
238,Dagmara,Kandzia,73052651128,al. Żeglarska 44/37 11-488 Giżycko,tobiasz67@example.com,531 663 532
239,Gaja,Sinkiewicz,14250587325,pl. Malinowa 11 27-625 Białystok,kamil61@example.com,+48 721 256 265
240,Marika,Rakus,96121865402,ul. Stefana Batorego 42/82 19-349 Łaziska Górne,grzechignacy@example.net,698 255 328
241,Radosław,Pyzel,87050210393,ulica Wschodnia 70 37-915 Sandomierz,crohde@example.org,576 725 468
242,Borys,Sereda,95012921906,ulica Drzymały 51 19-515 Piła,adapanasiewicz@example.org,606 896 945
243,Gabriel,Kidawa,79011816551,al. Tulipanowa 17 91-387 Leszno,miloszdobron@example.com,+48 889 350 302
244,Maksymilian,Pawliczek,95061425581,ulica Makowa 44 26-610 Giżycko,ryszard25@example.org,882 487 929
245,Marcin,Tutka,72031618163,pl. Starowiejska 416 70-478 Głogów,staregaroza@example.net,730 844 327
246,Cezary,Sondej,96022519307,al. Wiślana 65 76-150 Piastów,awawrzynkiewicz@example.net,889 334 550
247,Julian,Ochab,02252296451,ulica Liliowa 117 78-981 Białystok,cimochoskar@example.com,+48 609 866 442
248,Julian,Hamera,89052321068,al. Wypoczynkowa 68 38-484 Legnica,czerniecmikolaj@example.org,+48 733 978 660
249,Andrzej,Gierasimiuk,73111141779,plac Wysoka 13/63 18-619 Tczew,sobolakalex@example.org,+48 794 433 888
250,Stanisław,Szalast,13290591404,ul. Średnia 68 02-021 Gdańsk,tofilnorbert@example.com,729 820 449
251,Stefan,Krystkowiak,12291892057,pl. Zakole 03 11-618 Goleniów,jan96@example.com,792 874 235
252,Marianna,Gorol,70012094911,pl. Skłodowskiej-Curie 27/66 09-127 Szczecin,wochnikiwo@example.org,698 607 309
253,Eliza,Grund,05240197327,al. Gałczynskiego 00 19-475 Nowa Ruda,kornelia44@example.org,+48 573 332 714
254,Konrad,Danisz,74052134509,aleja Osiedlowa 25/83 11-911 Gorzów Wielkopolski,gperczak@example.net,+48 883 758 948
255,Jerzy,Boguś,97082001724,ulica Wiatraczna 80 73-651 Chojnice,gpastucha@example.net,+48 699 756 042
256,Leonard,Słyk,05211895337,plac Waryńskiego 61/28 68-651 Skierniewice,wiktorkubieniec@example.net,+48 735 518 441
257,Michał,Szczap,90021742104,plac Rycerska 32 06-341 Żyrardów,spyc@example.com,882 457 214
258,Fryderyk,Dzienisz,76121530218,aleja Wiśniowa 13/43 71-421 Brzeg,klara44@example.org,32 763 89 03
259,Agnieszka,Cudzich,92111326438,pl. Dąbrowskiej 70 23-858 Piła,johnanita@example.com,32 796 12 20
260,Kornelia,Radke,05231672312,aleja Rubinowa 83/73 37-198 Żary,krystiankiciak@example.org,694 351 249
261,Julian,Sykała,74030334220,plac Jana Sobieskiego 623 95-781 Świdnik,lnoras@example.net,+48 517 861 882
262,Maurycy,Laskus,08290714458,pl. Sienkiewicza 76 12-065 Czeladź,bartek41@example.net,+48 696 798 680
263,Kamil,Mszyca,09220146020,ul. Wieniawskiego 866 71-964 Tarnobrzeg,ilacina@example.org,880 774 747
264,Ewa,Jezior,02232605473,al. Tartaczna 14 19-301 Czechowice-Dziedzice,gslonka@example.org,+48 733 381 297
265,Patryk,Jasina,76050702827,ulica Sportowa 37/12 32-788 Lubliniec,vrzaca@example.net,+48 691 708 278
266,Mieszko,Fidos,73101257729,pl. Sowia 07/16 38-152 Chełm,macczakartur@example.org,+48 32 048 99 90
267,Maksymilian,Han,73031517438,plac Hallera 524 67-293 Otwock,jerzybroncel@example.net,608 904 078
268,Gustaw,Majtczak,71082405634,al. Listopada 15 96-824 Żary,rozaliamydlak@example.com,+48 32 914 38 54
269,Julian,Elias,03282321261,aleja Tęczowa 991 89-702 Ruda Śląska,dawidlachut@example.net,+48 796 572 132
270,Michał,Darul,17221664399,al. Wiatraczna 227 05-971 Lubartów,bartek63@example.net,+48 574 948 635
271,Nela,Delekta,21211807363,ulica Morelowa 324 19-189 Augustów,wpastor@example.net,793 532 298
272,Malwina,Gęsiarz,16220120491,ulica Wspólna 501 40-631 Czerwionka-Leszczyny,wawrzynczykalbert@example.org,787 334 661
273,Marika,Gospodarek,94071642803,plac Miodowa 125 69-564 Chorzów,radoslawstempniak@example.org,881 512 075
274,Krystian,Muskała,03250498029,aleja Odrzańska 96 83-756 Chorzów,waldochradoslaw@example.net,500 798 852
275,Witold,Krępa,83111011932,ulica Targowa 598 24-183 Wrocław,justynakosiec@example.org,+48 536 387 395
276,Damian,Hojka,87011194818,aleja Turkusowa 626 50-740 Tomaszów Mazowiecki,patryk75@example.net,+48 519 209 934
277,Kacper,Tułacz,82043016006,plac Mokra 57/67 39-670 Gorlice,emil62@example.com,780 346 755
278,Maksymilian,Noszczyk,22271031905,ulica Stolarska 66 73-248 Olsztyn,nelakielan@example.org,+48 32 506 22 56
279,Mateusz,Malcher,04211875341,aleja Parkowa 80/09 27-575 Zakopane,elizagrygorowicz@example.com,+48 668 372 519
280,Julita,Pietrewicz,22240269324,ul. Rolnicza 62/51 78-180 Gorlice,peciakkonrad@example.com,+48 579 699 401
281,Ryszard,Znojek,73120214550,ul. Korczaka 56/30 35-859 Łowicz,nicolerolek@example.net,784 000 961
282,Leon,Łosiak,87072489960,ul. Kreta 14 94-945 Żory,pawel59@example.net,739 096 098
283,Cyprian,Drywa,12270313362,al. Mokra 29 21-726 Sieradz,nataniel18@example.com,888 002 596
284,Inga,Pryk,21292023816,plac Dworcowa 141 37-783 Oleśnica,alan73@example.org,+48 22 362 06 88
285,Kornel,Łuszczak,75122760732,ul. Górnicza 75 97-340 Grodzisk Mazowiecki,rozaswierkosz@example.org,+48 534 630 532
286,Daniel,Klyszcz,02253089333,ulica Skargi 03/66 31-644 Kłodzko,aleks52@example.com,+48 725 361 616
287,Jeremi,Pietrak,18212161983,ul. Gajowa 96/72 25-746 Szczytno,eleszczyk@example.net,+48 735 833 030
288,Bruno,Misiejuk,15312889742,plac Pałacowa 23 03-657 Racibórz,damiankasiak@example.org,+48 728 744 849
289,Maciej,Wujek,90081943099,plac Powstańców Wielkopolskich 22/11 85-820 Kołobrzeg,mieszkojoniak@example.org,+48 516 919 366
290,Bianka,Smyl,11301088969,ulica Jana Pawła II 556 91-868 Wyszków,tzimon@example.net,694 886 288
291,Alex,Obst,95072501526,ulica Chopina 153 90-108 Wyszków,hyzyhubert@example.com,+48 22 346 14 32
292,Tadeusz,Dytrych,76100928296,al. Zakole 73/31 12-146 Łomża,filipdudziec@example.com,508 559 093
293,Marianna,Wawrzyk,00262972846,pl. Dębowa 18 03-732 Oleśnica,kindyka@example.com,+48 513 133 292
294,Jacek,Helman,84072472099,pl. Miarki 85/74 40-943 Brzeg,lsaluda@example.net,513 597 968
295,Apolonia,Hein,17240244879,pl. Grunwaldzka 69 04-415 Wejherowo,kajetanwalocha@example.org,+48 603 178 993
296,Dawid,Gomoła,98090861902,pl. Jana III Sobieskiego 223 51-590 Augustów,alan97@example.com,+48 514 322 998
297,Oskar,Deluga,11291550413,aleja Skargi 75 27-058 Legnica,golanjanina@example.net,787 153 260
298,Jeremi,Nikel,77032417346,ul. Rycerska 58/05 80-382 Bochnia,fryderykgrabara@example.org,660 291 920
299,Jeremi,Wikło,82021243426,ul. Słonecznikowa 48/31 95-831 Lubliniec,jbuksa@example.com,787 910 690
300,Adrianna,Siemieniec,89021217529,ulica Skargi 44/56 67-661 Bytom,szuchowicz@example.net,+48 518 103 049
301,Olaf,Kruszka,70042135457,ul. Asnyka 060 04-304 Jaworzno,dziezaolgierd@example.net,+48 539 837 099
302,Kamila,Matynia,22243029202,plac Turystyczna 63 92-561 Inowrocław,nela47@example.net,+48 784 018 403
303,Julianna,Jędrusiak,89032266165,ul. Krucza 35 61-447 Płock,grysrozalia@example.net,+48 536 265 822
304,Alan,Gruszczyk,10302233668,aleja Sawickiej 00/51 40-165 Inowrocław,kamila52@example.net,+48 799 960 970
305,Mikołaj,Wrochna,99051009519,al. Tartaczna 79 56-797 Bartoszyce,roksanalepa@example.com,576 906 485
306,Jakub,Makar,15220299187,aleja Narutowicza 000 85-934 Żory,monikapyszczek@example.com,535 107 825
307,Janina,Hinca,80120639922,pl. Magnoliowa 02/60 42-036 Krosno,kajagruza@example.com,22 367 31 51
308,Blanka,Ostapczuk,78102178396,ul. Szarych Szeregów 79/17 41-723 Szczecin,elelonek@example.org,518 207 764
309,Daniel,Kiciak,80081637908,plac Konarskiego 708 99-521 Leszno,norbertszrama@example.org,+48 789 145 308
310,Szymon,Hawro,75041746985,ulica Moniuszki 63/56 09-416 Świebodzice,mstachewicz@example.com,603 942 313
311,Maks,Dąbkiewicz,15251709460,aleja Liliowa 852 40-751 Siedlce,kusikprzemyslaw@example.net,880 201 944
312,Jędrzej,Gamoń,77123099437,plac Źródlana 445 48-594 Swarzędz,tymoteuszgaluba@example.net,721 578 525
313,Damian,Kucharz,88072581003,plac Borówkowa 40 81-695 Sanok,wawrzkiewiczmaksymilian@example.org,+48 22 632 99 73
314,Kaja,Drabczyk,14300440259,plac Konwaliowa 956 84-738 Zakopane,romaniakkonrad@example.com,+48 508 487 676
315,Dawid,Plebanek,17220872197,plac Widokowa 30 37-330 Dzierżoniów,fryderyk25@example.net,726 622 090
316,Dorota,Winek,04242306980,ul. Bolesława Chrobrego 085 09-301 Stalowa Wola,robert07@example.org,501 433 697
317,Dariusz,Leszkiewicz,87020906941,ulica Matejki 741 66-312 Czeladź,jeremilaciak@example.org,508 034 656
318,Natan,Miros,80011555380,pl. Słoneczna 49 92-766 Suwałki,stachoweryk@example.net,690 958 503
319,Paweł,Mrózek,83121546499,ul. Partyzantów 59/78 15-086 Zielona Góra,walencikolga@example.org,722 461 734
320,Przemysław,Krzan,85112282658,aleja Daleka 74/95 80-738 Giżycko,phampel@example.com,889 119 963
321,Angelika,Kęsek,10272631002,pl. Zwycięstwa 721 72-336 Luboń,sylwia73@example.org,530 398 607
322,Rafał,Łaszczyk,17302613751,ulica Grunwaldzka 80 91-731 Jarosław,piotr78@example.org,572 786 921
323,Tadeusz,Cieniuch,94112028401,al. Rataja 909 05-149 Pabianice,adrianna57@example.net,+48 608 402 894
324,Blanka,Pawełkiewicz,89073191721,aleja Mała 27 69-854 Malbork,ijenek@example.org,+48 661 909 095
325,Hubert,Hanke,95022773825,aleja Dworska 372 43-163 Gdańsk,ewagalat@example.net,722 958 906
326,Arkadiusz,Kral,79012061226,pl. Paderewskiego 96 14-351 Lubliniec,olgierdjewula@example.net,+48 32 948 47 00
327,Alan,Szkoła,22271085515,al. Wypoczynkowa 76 18-793 Goleniów,nikodemkosalka@example.net,+48 539 119 812
328,Mariusz,Piesik,81033116241,plac Wysoka 641 37-008 Środa Wielkopolska,krasala@example.org,+48 32 872 40 18
329,Ignacy,Gregorek,87101842171,pl. Bolesława Krzywoustego 40/63 22-428 Czechowice-Dziedzice,fbartus@example.net,882 419 159
330,Marcin,Łaskawiec,10272732215,aleja Wiązowa 67/74 61-503 Radom,anita86@example.net,+48 517 969 456
331,Antoni,Gasek,86022237349,al. Błękitna 33/56 12-361 Szczytno,marika17@example.net,+48 601 307 405
332,Olaf,Krochmal,23302961268,aleja Chabrowa 96/98 54-758 Gdańsk,kapkaadrian@example.net,+48 694 477 436
333,Maksymilian,Węgrzynowicz,04243024258,al. Żwirki i Wigury 502 33-450 Jaworzno,sararatka@example.com,880 413 797
334,Julian,Mosiołek,80070990900,pl. Lotnicza 29/05 67-322 Włocławek,patryk48@example.com,+48 665 519 822
335,Hubert,Kunka,83081465476,pl. Składowa 05 08-735 Świdnica,damiansoloducha@example.com,+48 571 923 786
336,Mikołaj,Malisz,80051524070,ulica Kopernika 35 27-794 Puławy,tarasektola@example.com,+48 889 986 074
337,Jakub,Jędryczka,92102857929,plac Gajowa 19/82 79-626 Rumia,nikodem89@example.net,+48 22 740 59 98
338,Marcel,Wąsiewicz,22222411161,ulica Chopina 320 27-692 Starachowice,jakub07@example.net,696 698 973
339,Adrian,Sibiga,99121243137,aleja Jagiellońska 82/34 14-516 Krotoszyn,rbartman@example.com,+48 603 251 771
340,Jakub,Jajko,97082755241,pl. Orkana 763 75-331 Świdnica,gajanestorowicz@example.net,+48 695 661 633
341,Ewelina,Budniak,16222447967,aleja Borówkowa 73/24 32-082 Żywiec,liwia82@example.org,+48 532 729 017
342,Dagmara,Jędral,87092247322,plac Mickiewicza 95/56 28-795 Biała Podlaska,sszyma@example.net,+48 662 447 262
343,Julianna,Fras,92090264758,ul. Urocza 16 38-874 Ruda Śląska,xbors@example.net,+48 734 371 645
344,Cyprian,Bujas,83030539672,ulica Wiśniowa 75/03 87-405 Śrem,zaporawojciech@example.net,+48 796 923 196
345,Olga,Woszczak,07301325429,ul. Zamkowa 87 74-610 Ząbki,zgierak@example.com,530 011 168
346,Damian,Krzyk,22302838095,ul. Wiśniowa 157 36-355 Nowa Sól,vkoczy@example.com,603 422 685
347,Ryszard,Czermak,23220846247,plac Korczaka 98/26 86-734 Częstochowa,pnyc@example.com,538 247 837
348,Natasza,Delikat,84100305634,aleja Tartaczna 794 77-025 Szczecinek,wolczykrobert@example.net,+48 509 140 941
349,Miłosz,Sacharczuk,01250593133,pl. Urocza 34 59-140 Ciechanów,ewyroslak@example.net,+48 504 978 644
350,Olaf,Pilarek,07220513756,al. Żytnia 321 40-844 Chełm,cmieloliwier@example.com,+48 22 024 65 81
351,Alan,Thiel,94051466241,aleja Armii Krajowej 37/80 04-846 Ząbki,filipkocol@example.org,698 597 556
352,Konrad,Żach,23252149853,al. Pocztowa 42/57 81-516 Lębork,progula@example.org,887 345 302
353,Sandra,Oleszczak,86062402084,pl. Wałowa 93/33 96-681 Nowy Targ,mjakoniuk@example.com,+48 608 632 796
354,Ernest,Piotrowiak,99081139341,ul. Agrestowa 023 28-818 Lubartów,klachacz@example.com,+48 796 242 884
355,Leon,Szmurło,04231243135,aleja Działkowa 702 76-659 Stalowa Wola,sebastian33@example.net,885 901 349
356,Agnieszka,Lato,88112148014,plac Leśna 57 89-365 Luboń,mgarczarek@example.net,+48 506 319 248
357,Maksymilian,Muniak,78073090932,plac Jana III Sobieskiego 790 76-205 Suwałki,dariusz64@example.org,601 576 648
358,Sonia,Matwiejczyk,23232436726,al. Łąkowa 07/77 45-739 Wągrowiec,potocznaida@example.com,573 615 372
359,Sebastian,Majos,82020131593,pl. Akacjowa 817 08-078 Świętochłowice,fmasiak@example.net,+48 792 314 117
360,Maciej,Pędrak,16221502715,ul. Stycznia 52/89 91-238 Turek,inowotka@example.net,+48 720 090 280
361,Alan,Majos,14210911582,ul. Koralowa 57/87 99-392 Szczecin,clewek@example.net,+48 32 995 55 60
362,Olgierd,Holeksa,90042947111,ulica Dworcowa 46 32-455 Środa Wielkopolska,nawojjulian@example.com,695 542 570
363,Dawid,Myrcha,71092982303,al. Kamienna 85/27 37-413 Siedlce,derylokrystyna@example.org,+48 781 918 049
364,Antoni,Szara,71052792988,aleja Wojciecha 06 02-450 Piastów,kukmikolaj@example.com,785 591 446
365,Karina,Kubowicz,70091033515,pl. Glówna 88/72 93-193 Czechowice-Dziedzice,iwo21@example.com,500 670 111
366,Sara,Krępa,94040550140,al. Waryńskiego 17/91 02-381 Sieradz,yufniarz@example.com,699 052 802
367,Olga,Bzymek,16280964734,ul. Mokra 541 54-566 Elbląg,kochelsara@example.com,691 038 894
368,Krzysztof,Gorgol,09321394548,aleja Miła 97/26 97-589 Lublin,helmansara@example.net,738 651 886
369,Piotr,Pelka,78030462413,ul. Zamkowa 021 45-830 Świecie,swiatekfabian@example.net,+48 796 988 836
370,Natasza,Duszczak,11310296911,plac Gajowa 59 43-421 Bielsko-Biała,krystynajantos@example.com,+48 537 176 579
371,Blanka,Miara,99111458602,ulica Pomorska 12 92-370 Zabrze,olgierd28@example.com,+48 32 547 04 49
372,Melania,Dryka,14252310505,ulica Słowackiego 70 45-259 Głogów,stanislaw66@example.org,726 806 822
373,Maciej,Tywoniuk,89053013270,pl. Krucza 143 45-032 Gdańsk,skoczjuliusz@example.net,799 237 787
374,Miłosz,Nóżka,95052182811,plac Wiklinowa 767 87-899 Świebodzice,tfitrzyk@example.com,+48 537 853 868
375,Hubert,Jop,81101282582,al. Spacerowa 01/96 54-942 Żory,ziemkiewiczoskar@example.org,+48 724 383 793
376,Radosław,Stojak,90030805845,pl. Skrajna 16/61 01-665 Łuków,matlahubert@example.net,+48 722 441 874
377,Janina,Lizurej,06271899891,plac Partyzantów 40 32-758 Goleniów,bmlynarz@example.org,+48 505 033 918
378,Urszula,Malecha,71072784828,pl. Chełmońskiego 42 95-063 Śrem,inga95@example.org,+48 516 678 689
379,Stefan,Dyjas,17212983973,aleja Wieniawskiego 98 60-448 Piła,kacperzurawik@example.com,603 329 559
380,Krzysztof,Ćwierz,16210544818,aleja Owocowa 766 99-263 Brzeg,egilewicz@example.net,887 832 528
381,Sonia,Winek,75060482404,al. Jana 16/68 12-689 Kętrzyn,iprazuch@example.net,+48 500 585 854
382,Julita,Nocek,98110664524,ul. Rolna 873 07-698 Myszków,filipcyrulik@example.net,797 111 247
383,Monika,Kiryluk,95092562800,plac Glówna 294 50-879 Biała Podlaska,mcyganik@example.com,798 268 718
384,Patryk,Korbut,06270639678,al. Widok 689 65-343 Iława,lidiabronka@example.com,22 645 47 45
385,Gabriel,Truchan,79021525379,plac Liliowa 46/42 71-167 Ostrów Wielkopolski,bfronczek@example.com,+48 32 718 31 85
386,Lidia,Smagała,02290968831,ul. Miodowa 343 69-063 Sochaczew,cyprian37@example.net,663 054 775
387,Róża,Holeksa,73053185224,ul. Hallera 71 41-255 Giżycko,stanislawekklara@example.net,+48 785 773 150
388,Wojciech,Chwedoruk,01291034332,ulica Kowalska 05 41-328 Suwałki,dagmara12@example.com,888 819 816
389,Sebastian,Ochnio,76112541319,pl. Odrzańska 66 50-646 Otwock,egrosz@example.com,734 009 496
390,Marcin,Duniec,02222707747,al. Dolna 13 29-431 Gdynia,jerzy47@example.com,+48 737 267 432
391,Kazimierz,Tomys,81122306474,plac Jana III Sobieskiego 49/91 09-662 Sieradz,gomolasebastian@example.com,+48 663 785 373
392,Krzysztof,Rogacz,90100473990,pl. Władysława Łokietka 993 87-037 Oława,lwojslaw@example.net,+48 726 023 917
393,Janina,Cogiel,09282982745,pl. Wrzosowa 08/78 20-204 Łaziska Górne,yhuczek@example.org,+48 796 454 374
394,Witold,Ryznar,83120595395,aleja Miodowa 600 32-468 Dąbrowa Górnicza,drewablanka@example.org,+48 609 895 324
395,Kalina,Krakowczyk,13252764987,ulica Wrocławska 38/02 03-538 Mielec,justyna83@example.com,22 472 48 77
396,Stanisław,Łęgowik,09262027570,plac Konopnickiej 112 61-734 Ostrowiec Świętokrzyski,supernakgustaw@example.com,+48 721 274 318
397,Borys,Neska,88120129999,aleja Krótka 732 85-279 Łomża,anastazja71@example.com,+48 667 028 728
398,Robert,Wieja,07231206632,al. Kamienna 372 11-295 Wołomin,fojtblanka@example.com,539 637 234
399,Jeremi,Ficoń,15321977319,plac Rolnicza 416 17-161 Ostrów Wielkopolski,ida43@example.org,513 367 680
400,Tymon,Zawodnik,05233012136,ulica Łąkowa 52 69-640 Środa Wielkopolska,vmiszta@example.net,600 526 394
401,Aniela,Kalinka,08270532746,aleja Piastowska 97 97-592 Swarzędz,durasbartek@example.com,733 740 470
402,Andrzej,Bazylewicz,07272901103,plac Wolności 73 05-578 Świebodzice,twasyluk@example.com,+48 732 852 582
403,Tymoteusz,Choroś,80111557460,ul. Skośna 81 43-392 Nowy Targ,dariuszkoss@example.net,22 090 10 72
404,Inga,Łusiak,84081619438,aleja Maja 69 05-705 Olkusz,monika74@example.net,+48 738 042 393
405,Maciej,Machniak,95082206828,aleja Batalionów Chłopskich 647 40-490 Zgierz,konstanty86@example.com,791 805 975
406,Alex,Misztela,96052998639,ul. Pocztowa 234 70-295 Pruszcz Gdański,iwo49@example.net,+48 509 378 115
407,Kamil,Kłysz,78081661922,aleja Księżycowa 200 18-864 Tarnów,tomasz04@example.com,+48 538 109 168
408,Arkadiusz,Cudzich,21321860610,ul. Jaskółcza 717 14-836 Zduńska Wola,gmurczykjulita@example.org,+48 505 525 685
409,Monika,Nazar,13250742196,aleja Fabryczna 598 53-939 Polkowice,okamieniak@example.org,+48 795 943 987
410,Aleks,Duszkiewicz,16251888320,al. Szczęśliwa 09/09 34-469 Lublin,stanislawmycek@example.com,602 435 581
411,Adam,Ziemkiewicz,92030171519,ul. Fredry 16 98-074 Przemyśl,gmolga@example.net,735 713 793
412,Łukasz,Ciaś,81061679464,al. Dworcowa 64/26 58-076 Mikołów,wsoczowka@example.net,663 895 600
413,Alan,Zarzeczna,85021768058,al. Młyńska 563 81-002 Piastów,tflisiak@example.net,+48 690 333 790
414,Sara,Jama,18231054477,pl. Parkowa 23/57 75-512 Nysa,dariuszhonkisz@example.org,+48 723 678 234
415,Maksymilian,Madajczyk,82100843147,aleja Tęczowa 17 89-051 Starogard Gdański,acwirko@example.org,571 609 712
416,Leonard,Majorczyk,82052222407,ulica Południowa 76/24 09-199 Gniezno,nataniel18@example.org,+48 668 872 982
417,Kornelia,Feliniak,18321048890,plac Hallera 88 55-955 Koło,mieszkobancerz@example.com,536 918 320
418,Sylwia,Feliniak,81040300660,aleja Miła 44/36 01-124 Chełm,fryderyk03@example.org,512 249 637
419,Marcin,Piaścik,23322737744,pl. Pomorska 07 95-150 Białogard,igorkiewicz@example.net,+48 32 516 39 73
420,Melania,Pompa,12290764221,plac Dobra 152 40-127 Głogów,kamil53@example.net,539 885 222
421,Dagmara,Zysk,82051717399,plac Kolorowa 549 18-171 Luboń,robert94@example.com,+48 667 179 351
422,Błażej,Hutnik,73100818653,aleja Księżycowa 54/39 82-128 Żory,kajetanskala@example.org,+48 797 876 714
423,Dominik,Jarmuż,14251809798,plac Poprzeczna 62 51-802 Legionowo,mariusz78@example.net,32 023 52 41
424,Maciej,Wawrzyńczyk,73070317958,ul. Wyspiańskiego 64 51-302 Tarnów,andrzejrajch@example.net,785 534 654
425,Jacek,Synak,91122506132,plac Jagodowa 236 78-755 Szczecinek,gumiennatobiasz@example.com,+48 575 076 789
426,Dariusz,Siemieniec,81040682759,ul. Dworska 13/16 66-702 Leszno,elzbieta43@example.org,+48 790 295 214
427,Franciszek,Deryło,73090807600,ulica Stefana Batorego 602 89-039 Siemianowice Śląskie,kazberukwiktor@example.org,+48 602 979 241
428,Kalina,Bartocha,73011672627,aleja Rynek 938 43-023 Sandomierz,ernestfilek@example.com,513 942 664
429,Marianna,Rudzik,99092230851,ulica Władysława Łokietka 75/47 16-666 Jelenia Góra,tpal@example.net,+48 22 215 38 29
430,Leon,Wnuczek,05281114316,aleja Paderewskiego 818 34-997 Jelenia Góra,inga38@example.org,+48 22 444 86 31
431,Przemysław,Brząkała,19270762721,ul. Kolorowa 391 91-271 Knurów,adamkoterba@example.com,531 372 863
432,Tola,Bany,20300201910,ulica Baczynskiego 35/03 84-852 Żary,maks41@example.com,+48 736 962 373
433,Julianna,Fechner,82091157577,pl. Gałczynskiego 42 47-561 Nowa Sól,sputo@example.com,663 696 223
434,Gaja,Krauz,22311241183,pl. Widokowa 138 23-578 Kluczbork,erykopoka@example.net,533 547 237
435,Melania,Gilewicz,03281035893,aleja Bursztynowa 028 24-930 Łuków,luczykdorota@example.org,606 294 943
436,Ada,Wenda,19231740193,plac Widokowa 93/65 36-147 Turek,maleszajuliusz@example.com,+48 22 002 70 49
437,Jan,Domek,91080998240,ulica Orkana 03 81-350 Grodzisk Mazowiecki,ziemkiewiczkaja@example.com,+48 573 687 970
438,Patryk,Parada,78012833884,ulica Śląska 40/90 81-948 Tarnów,zsobkow@example.com,884 323 604
439,Krystian,Satora,97060635248,aleja Reja 94 25-769 Jasło,lidiaminkiewicz@example.com,799 932 521
440,Emil,Pasiak,20322405789,ul. Waryńskiego 45/81 96-835 Ostrów Wielkopolski,mrzezniczak@example.net,798 662 546
441,Emil,Wizner,79102121193,plac Moniuszki 60 09-435 Skarżysko-Kamienna,justyna68@example.net,791 566 658
442,Filip,Łyczak,11222107020,plac Wrocławska 29 01-816 Dębica,waloszekmariusz@example.net,+48 789 209 257
443,Oliwier,Kutnik,87062050284,pl. Okrężna 791 49-540 Wodzisław Śląski,zabkanatasza@example.org,32 786 61 18
444,Julian,Kontny,19262367886,pl. Zielna 60 27-852 Katowice,konrad13@example.org,662 203 629
445,Witold,Deluga,81092768346,pl. Gdańska 638 98-285 Kołobrzeg,laryszfranciszek@example.org,602 983 381
446,Damian,Kukuczka,79122430709,pl. Lazurowa 44 59-602 Mława,esuchojad@example.com,+48 530 287 361
447,Karol,Owsianka,89073029073,aleja Wąska 41 80-493 Ząbki,rozalia66@example.com,+48 515 676 371
448,Janina,Hus,99081911480,ulica Rolnicza 07/17 73-998 Dzierżoniów,kolekgaja@example.com,885 850 643
449,Karol,Iskierka,91090273357,pl. Chełmońskiego 397 59-947 Pszczyna,nikolajukaurelia@example.com,780 250 867
450,Marianna,Kotala,88010242380,pl. Kreta 00 21-270 Czeladź,bsojda@example.org,+48 736 993 591
451,Ignacy,Tylek,19311754146,plac Piwna 431 96-036 Środa Wielkopolska,bsiemek@example.org,+48 797 484 524
452,Kornel,Pazera,77070662674,plac Konarskiego 15 39-956 Oleśnica,rapapawel@example.org,880 861 199
453,Alan,Łuszczyk,07240777518,al. Orla 20/13 03-096 Rybnik,qengler@example.net,+48 782 423 657
454,Blanka,Oczko,01321407323,al. Majowa 160 04-223 Tomaszów Mazowiecki,pawliczaklidia@example.com,+48 607 766 301
455,Oliwier,Bojarczuk,81042333035,ulica Wojska Polskiego 84/93 69-624 Bytom,tymoteusztaranek@example.com,793 822 277
456,Natan,Gendek,70100795939,pl. Orla 874 52-777 Skarżysko-Kamienna,karina46@example.com,+48 730 495 036
457,Krystian,Nędzi,83122434045,pl. Bociania 71 72-861 Białogard,marcin27@example.com,+48 607 170 886
458,Oliwier,Kuban,75080661991,ul. Długosza 14/52 48-656 Starogard Gdański,gizafryderyk@example.org,+48 697 059 010
459,Ksawery,Cyganik,95010959417,al. Bydgoska 30/04 68-913 Płońsk,czywica@example.org,+48 796 382 818
460,Bartek,Bas,15291975458,plac Wąska 74/77 88-731 Kędzierzyn-Koźle,natanielfronczyk@example.com,+48 535 721 125
461,Janina,Kubanek,82072428133,aleja Południowa 19/69 67-966 Świebodzice,bulandatomasz@example.org,+48 786 601 851
462,Oskar,Płodzień,05250628415,ulica Drzymały 52 14-804 Gdańsk,ajohn@example.org,888 064 841
463,Aleksander,Waloszek,11281187403,al. Jaskółcza 25/83 35-514 Ostrołęka,jan98@example.com,736 155 965
464,Mariusz,Szczypiór,24272450031,ul. Jaworowa 463 17-360 Lublin,oleksakkaja@example.org,+48 22 606 05 08
465,Stefan,Bogaczyk,83111429320,ulica Złota 021 64-773 Jarocin,karinadusik@example.com,32 463 08 24
466,Nicole,Wasiewicz,15232521478,aleja Powstańców 28/61 22-966 Warszawa,antoni79@example.org,+48 505 887 406
467,Jakub,Doroba,15322246005,al. Pułaskiego 80 43-704 Nowa Sól,olszowabartek@example.org,+48 721 055 441
468,Jakub,Babiuch,16322648781,aleja Zbożowa 24/75 24-743 Myszków,maksymilianbryndza@example.org,518 186 109
469,Miłosz,Herba,04240610058,al. Dolna 163 37-325 Legnica,wiesiolekmalwina@example.com,+48 578 990 252
470,Artur,Szachniewicz,85012182849,aleja Częstochowska 687 75-122 Suwałki,nberdzik@example.net,32 030 68 97
471,Inga,Frącz,10251585973,al. Podleśna 70/42 71-391 Żyrardów,sasakmonika@example.net,882 396 076
472,Nataniel,Chwalisz,15323043373,ulica Skrajna 56 85-877 Bielawa,slokaolga@example.org,+48 512 931 382
473,Paweł,Kozubal,19270561917,al. Żwirowa 85/41 58-179 Białystok,sonia38@example.org,667 040 830
474,Ida,Konstanty,20320812956,pl. Srebrna 94/50 94-552 Nowy Dwór Mazowiecki,byraalbert@example.net,22 308 15 99
475,Alex,Malecha,88030813911,pl. Makuszyńskiego 390 11-381 Sochaczew,gabriel50@example.com,+48 505 128 300
476,Antoni,Klyta,99022206813,ulica Orla 006 23-815 Września,owieczerzak@example.net,885 362 743
477,Jerzy,Syroka,00262138981,aleja Wiejska 74/52 52-289 Pruszcz Gdański,nelapniak@example.net,+48 692 934 219
478,Konstanty,Chatys,20312738316,ul. Dworcowa 78 38-941 Jasło,gustawpyda@example.com,+48 501 810 707
479,Justyna,Drobik,76101416714,plac Podwale 73/64 98-316 Giżycko,malwinasztuba@example.org,+48 579 758 573
480,Kornel,Waluk,24321448530,ul. Pocztowa 69/58 82-613 Augustów,drazykmalwina@example.com,534 649 862
481,Nikodem,Fijak,85090909213,aleja Borowa 472 30-379 Dębica,orozynek@example.org,513 794 220
482,Maurycy,Perczak,71111098602,plac Skośna 25 85-066 Piastów,robert61@example.net,728 970 150
483,Sebastian,Pałyga,91041696679,ulica Rolnicza 68 44-596 Zakopane,ybachanek@example.org,889 976 234
484,Nela,Domoń,83030500254,ul. Zdrojowa 314 91-645 Chrzanów,zbartlomiejczyk@example.com,+48 726 522 566
485,Marika,Burkiewicz,74081561736,al. Wyzwolenia 599 65-693 Szczytno,wiktorpiotrowiak@example.com,+48 668 305 295
486,Paweł,Strama,16320301127,al. Częstochowska 89 99-888 Koło,stefan98@example.com,+48 885 466 713
487,Juliusz,Lenik,82122562035,aleja Cmentarna 003 27-264 Kalisz,marikatomzik@example.net,22 517 10 83
488,Stanisław,Piekara,81033072385,ul. Polna 265 28-105 Kościan,slimakjan@example.org,22 506 34 30
489,Cezary,Bystrek,91061975330,aleja Konstytucji 3 Maja 77/40 96-482 Kętrzyn,tymoteuszborkiewicz@example.net,509 895 640
490,Tobiasz,Lorens,00222624671,aleja Piekarska 517 60-199 Wągrowiec,kajaoleksiuk@example.org,882 274 056
491,Malwina,Naczk,17243066023,pl. Podmiejska 89 33-269 Brodnica,rozalia12@example.org,+48 794 434 564
492,Jacek,Surdyk,22252043945,al. Orla 962 94-621 Nysa,tsypek@example.org,+48 609 860 318
493,Maurycy,Grzeszkowiak,74062657429,pl. Boczna 45/11 82-035 Szczecin,gajdziktadeusz@example.org,888 087 257
494,Hubert,Gawłowicz,87071179820,pl. Hallera 902 55-032 Jarosław,roza30@example.org,880 925 054
495,Ksawery,Miąsik,12220637214,aleja Kraszewskiego 64 28-102 Jaworzno,klusdorota@example.net,788 088 004
496,Natasza,Dziurla,24291166582,aleja Słowicza 44/96 93-208 Tarnowskie Góry,mieszkobiesek@example.com,666 261 652
497,Róża,Wypiór,24322552298,pl. Tęczowa 89 46-029 Oświęcim,mariusz44@example.com,601 493 164
498,Malwina,Pasiak,09272878504,plac Dąbrowskiej 81/15 53-541 Sandomierz,zkarlowicz@example.org,+48 530 790 936
499,Kacper,Bernatowicz,10271191570,aleja Jaskółcza 250 53-651 Olkusz,jeremihuszcza@example.net,+48 22 768 70 40
500,Filip,Plebanek,98020659661,plac Jesionowa 36/29 95-155 Mińsk Mazowiecki,yfabiszak@example.com,+48 518 570 306
501,Jeremi,Gumuła,22290942615,al. Spacerowa 95 02-985 Zakopane,ukwapien@example.net,532 984 902
502,Inga,Smal,83021052643,plac Grottgera 971 59-882 Chorzów,maciej98@example.org,+48 578 047 122
503,Witold,Kandzia,19292254701,pl. Tęczowa 06 49-694 Starachowice,tobiasztymczyszyn@example.com,32 377 48 04
504,Adrianna,Skalik,91123137478,ul. Zamkowa 46 20-544 Wejherowo,robertgalach@example.com,888 477 582
505,Jerzy,Stąpor,99052208399,al. Podwale 03/97 26-107 Nowy Dwór Mazowiecki,ostapiukkonrad@example.org,+48 512 680 631
506,Róża,Waloszczyk,01302501444,pl. Średnia 14/10 12-585 Pszczyna,agnieszka71@example.org,+48 697 034 277
507,Maciej,Mytnik,22231657110,ul. Warszawska 80/99 06-845 Białystok,borys40@example.com,+48 577 326 337
508,Karol,Michnik,01212651345,ul. Strzelecka 53 62-261 Jastrzębie-Zdrój,mludwin@example.org,+48 22 782 96 16
509,Aleksander,Nazarko,91060802835,aleja Opolska 34/85 64-288 Kielce,krystian66@example.org,22 012 11 67
510,Wiktor,Radke,21262967157,plac Konstytucji 3 Maja 90 13-479 Wołomin,urszulapelka@example.org,507 702 765
511,Gaja,Gorgol,00301239550,ul. Towarowa 43 72-131 Bochnia,anita71@example.org,605 992 141
512,Mateusz,Sierota,16322737784,ulica Wyszyńskiego 95/61 14-162 Bytom,staniczekcezary@example.net,500 435 084
513,Norbert,Paluszak,14210964993,ulica Szmaragdowa 87 92-352 Skierniewice,arkadiuszdziala@example.org,+48 506 989 707
514,Stefan,Majdak,85010311454,pl. Cegielniana 90 11-648 Krosno,alberttekiela@example.com,+48 724 044 165
515,Kalina,Krzystek,85110597833,aleja Chmielna 53 08-154 Zabrze,lukaszzapora@example.net,+48 517 492 474
516,Artur,Białczyk,20230511433,ulica Plażowa 137 25-620 Jawor,danielnowotka@example.net,530 248 322
517,Bianka,Buszta,71080964171,plac Bolesława Chrobrego 83 93-765 Jarosław,leon33@example.com,+48 606 761 656
518,Kazimierz,Czerniakiewicz,89080327809,ul. Wrocławska 440 43-472 Racibórz,kajetanchlipala@example.com,+48 608 438 589
519,Tymon,Kazana,17301291640,ul. Kaszubska 19 19-684 Żary,krystyna67@example.com,734 795 881
520,Kaja,Bodych,93101775948,aleja Górska 25 39-432 Brzeg,ewelina57@example.com,+48 505 309 524
521,Józef,Ziemak,06311484601,ulica Niepodległości 59/36 81-967 Gdynia,fhein@example.org,+48 727 474 980
522,Tadeusz,Szmajda,04301314615,ulica Krokusowa 297 77-497 Koło,leonrzad@example.org,+48 530 798 055
523,Elżbieta,Trzop,06290711093,pl. Odrzańska 800 95-759 Rybnik,konrad82@example.com,576 180 941
524,Damian,Szczypiór,12230768281,ulica Strażacka 81/33 72-573 Rumia,iburza@example.com,+48 32 733 26 42
525,Janina,Młyńczak,14210459440,al. Dębowa 76/21 76-970 Kościan,apolonia76@example.org,+48 600 362 635
526,Damian,Front,21291430068,ul. Polna 795 69-652 Szczecin,zfrukacz@example.net,+48 727 024 871
527,Oliwier,Nocek,07291428760,plac Korczaka 15 74-413 Kutno,eryk17@example.com,+48 607 138 785
528,Konrad,Pytlarz,13273012043,aleja Jagodowa 13/45 84-949 Bielsk Podlaski,marcinczykkrzysztof@example.net,+48 22 497 94 58
529,Tobiasz,Delekta,13222328520,ulica Konopnickiej 96/22 20-703 Brzeg,wiktor39@example.org,+48 514 834 859
530,Mateusz,Dudkowiak,23212032197,aleja Jadwigi 67 97-080 Kutno,grzegorzmielke@example.com,662 317 911
531,Maks,Ulrych,96072581459,aleja Złota 27 64-209 Luboń,erykdziuda@example.org,690 503 919
532,Olgierd,Matyszczak,80060753807,al. Fiołkowa 86 42-566 Brodnica,korneliaszyca@example.com,+48 574 705 381
533,Apolonia,Korbut,74062093050,al. Bema 41/69 99-431 Lubartów,anastazja63@example.com,732 330 283
534,Mariusz,Rup,99092498943,aleja Kasprowicza 728 17-083 Zamość,patryk45@example.com,514 092 033
535,Sandra,Mitoraj,87062977181,pl. Piaskowa 15 74-138 Chrzanów,karinazysk@example.net,+48 665 237 119
536,Krystian,Hermann,83012578167,pl. Makuszyńskiego 64/48 46-177 Oława,vkajdan@example.net,726 990 166
537,Dominik,Łokietek,13271406211,ul. Cmentarna 89 84-937 Kołobrzeg,kosiecewa@example.com,792 719 785
538,Klara,Duchnik,81120450786,plac Piękna 732 77-232 Wieluń,oliwierwarczak@example.org,579 512 791
539,Marcin,Sypień,71102706280,al. Wrocławska 94/90 97-457 Białogard,andrzej47@example.org,+48 531 093 920
540,Stanisław,Paliga,73070506378,plac Kosynierów 677 37-054 Rumia,lukaszpatrzalek@example.com,733 948 203
541,Sara,Bakalarczyk,01211741968,ulica Leśna 920 59-938 Chrzanów,iwoskwira@example.net,883 553 877
542,Krystyna,Karczmarek,01291908569,al. Skargi 335 25-412 Dzierżoniów,angelika31@example.com,22 268 96 41
543,Kacper,Elsner,00292952126,aleja Błękitna 618 84-087 Jawor,fdrwiega@example.net,22 480 22 74
544,Justyna,Trzos,09302203397,aleja Bukowa 07 17-419 Świebodzice,kolarczykjacek@example.com,570 945 483
545,Melania,Kędziorek,72091106428,plac Niecała 574 95-025 Siedlce,mtrochim@example.org,696 683 710
546,Dorota,Pałęga,18261833950,al. Dębowa 80/20 97-457 Olkusz,jkilar@example.org,+48 504 344 404
547,Grzegorz,Księżak,78021530295,aleja Bukowa 67 87-713 Sandomierz,isoltysek@example.net,502 348 261
548,Artur,Borejko,00211394824,pl. Agrestowa 69/49 04-931 Płońsk,nicole77@example.net,608 274 017
549,Witold,Gajcy,79010493272,ulica Prosta 47/37 24-102 Jelenia Góra,inga30@example.net,664 128 255
550,Oskar,Gral,74060296769,ulica Dobra 86 17-499 Piekary Śląskie,nicoleborzym@example.com,795 257 390
551,Tobiasz,Grzegorzak,09251659603,aleja Krasińskiego 83/71 45-510 Skierniewice,xrabiej@example.org,+48 797 278 452
552,Tobiasz,Dobroń,22262180973,plac Piwna 65/67 37-956 Nowy Sącz,mieszkogarbaciak@example.org,882 730 896
553,Anna Maria,Wołczyk,17231238236,plac Słowackiego 12/44 09-835 Kluczbork,jan26@example.org,536 561 560
554,Elżbieta,Szczerbiak,22230870503,aleja Norwida 49 17-565 Szczecin,marek90@example.org,+48 794 630 342
555,Robert,Luks,12251300400,ulica Przechodnia 38/53 06-550 Cieszyn,xsygut@example.net,+48 536 853 664
556,Alan,Świt,00302116270,aleja Fredry 61 36-361 Łomża,kochmanblazej@example.com,22 768 54 79
557,Fabian,Smutek,23302913074,al. Plażowa 64 05-577 Łaziska Górne,janina07@example.org,+48 510 789 466
558,Kacper,Polewka,12253061338,plac Tartaczna 172 99-363 Przemyśl,korneldomian@example.net,726 921 350
559,Anita,Zaranek,01272746777,pl. Poprzeczna 81/80 96-749 Nysa,arkadiuszziegler@example.org,+48 784 794 793
560,Ryszard,Gaudyn,04220994956,al. Wieniawskiego 79/33 02-629 Czechowice-Dziedzice,blankawydrych@example.com,883 108 566
561,Apolonia,Deluga,94011054183,aleja Średnia 394 95-817 Szczecin,jacek73@example.com,+48 799 426 219
562,Tobiasz,Kilar,85121585395,plac Malczewskiego 886 31-053 Koszalin,marika07@example.com,600 657 370
563,Michał,Bujko,72080358375,ulica Srebrna 19/98 45-976 Bełchatów,wotalidia@example.com,667 916 061
564,Nikodem,Kleina,06291583862,ul. Żwirowa 68/52 86-352 Ostrów Wielkopolski,ewadrozdowicz@example.com,731 244 132
565,Lidia,Garbaciak,84022335890,plac Nałkowskiej 80 28-659 Kołobrzeg,nbukowiec@example.net,667 575 939
566,Maks,Trepczyk,77072274549,plac Jagodowa 88/90 82-200 Kościan,stefan87@example.org,+48 519 151 164
567,Nataniel,Marcińczyk,90102963709,ul. Owocowa 523 12-716 Gorzów Wielkopolski,zbarcz@example.com,782 489 783
568,Krystyna,Michalkiewicz,93061924857,plac Kościelna 295 80-366 Toruń,zastawnypatryk@example.net,791 912 828
569,Franciszek,Błażejak,96021899556,ul. Nowowiejska 541 59-427 Leszno,kornelia37@example.com,+48 664 571 260
570,Aniela,Hajdukiewicz,95032508369,plac Piwna 37/83 56-692 Bielsko-Biała,borysjonak@example.org,727 387 041
571,Radosław,Dzidek,23301504112,plac Konstytucji 3 Maja 19/33 30-540 Starachowice,urszula17@example.net,+48 22 396 55 22
572,Marcel,Apanowicz,04241723746,ulica Wiślana 63 81-207 Bochnia,kpatola@example.net,32 226 47 75
573,Roksana,Tylek,09280957835,aleja Sikorskiego 723 61-191 Szczecin,vkrzywon@example.net,22 049 93 14
574,Paweł,Wasilewicz,97071565899,pl. Pałacowa 20/22 07-134 Nowy Dwór Mazowiecki,dorota19@example.org,667 290 283
575,Oliwier,Błasik,15220650115,ulica Listopada 39 19-201 Konin,vmaleszka@example.com,+48 785 909 500
576,Agnieszka,Szlęk,83062875603,ulica Przemysłowa 81/40 49-305 Płock,fronczykmateusz@example.net,798 623 263
577,Klara,Bacik,13242065704,al. Dolna 75 79-235 Mikołów,ingalica@example.org,889 965 682
578,Aurelia,Zamora,92062481330,ulica Mokra 43/53 65-725 Szczytno,betlejmateusz@example.com,+48 668 540 625
579,Janina,Dybiec,74021407847,ul. Krasińskiego 885 45-069 Świnoujście,jdraus@example.com,+48 573 518 596
580,Roksana,Krzeszowiec,84090111277,al. Staszica 786 22-012 Wrocław,mintakamila@example.net,+48 504 859 837
581,Jędrzej,Berek,08251602864,ul. Mazurska 807 84-372 Zgorzelec,malwina08@example.org,+48 22 938 18 29
582,Oskar,Pazdan,79052230934,aleja Mazowiecka 47/27 21-277 Piekary Śląskie,szymon91@example.org,22 082 87 64
583,Artur,Moskalik,24221948143,plac Poniatowskiego 787 22-725 Śrem,eliza99@example.com,576 622 296
584,Szymon,Cherek,96111266301,pl. Podwale 61/39 25-581 Pruszcz Gdański,gdeszcz@example.com,577 774 592
585,Nicole,Rajczyk,80062923770,plac Zapolskiej 21 03-436 Wągrowiec,ozera@example.com,+48 32 483 21 18
586,Krzysztof,Linda,80082388469,aleja Ogrodowa 75 87-003 Płock,vwojniak@example.net,+48 698 482 478
587,Malwina,Butrym,23240305562,ulica Storczykowa 77/25 38-314 Nysa,dobronfilip@example.org,+48 880 165 811
588,Bruno,Szyjka,23211039942,al. Miarki 94 57-044 Łaziska Górne,melania34@example.com,+48 881 706 450
589,Marcin,Wisz,07321128376,pl. Sosnowa 62/00 28-560 Myszków,rafal72@example.org,+48 785 602 889
590,Kornel,Sadlik,92082153587,pl. Rubinowa 10/67 18-975 Leszno,marek61@example.net,+48 790 723 004
591,Alan,Majos,04212929407,aleja Jastrzębia 88/10 35-634 Jawor,julian65@example.org,+48 503 771 378
592,Kazimierz,Rasała,99080950819,ul. Szkolna 070 25-717 Gniezno,cypriankwarciak@example.net,780 490 987
593,Ksawery,Drewicz,91103050553,ul. Kwiatowa 760 76-184 Racibórz,kurzydlocezary@example.net,885 077 787
594,Marek,Szczerbiak,06311516777,al. Olchowa 391 13-969 Tarnobrzeg,pietraszkiewiczjeremi@example.net,+48 690 330 758
595,Marek,Noszczyk,07310670880,plac Malinowa 356 02-517 Bielsko-Biała,swierszczeliza@example.com,+48 22 342 94 21
596,Mikołaj,Leszczyk,13211070069,plac Wieniawskiego 88 77-121 Radomsko,smalecksawery@example.org,32 483 28 82
597,Antoni,Sadura,83090262181,al. Sucharskiego 625 93-594 Lębork,rafal87@example.org,+48 32 747 20 49
598,Aniela,Kretek,11322974782,ul. Asnyka 625 22-470 Tczew,adrianna48@example.com,+48 664 419 385
599,Robert,Siewert,15211915476,pl. Dębowa 012 59-292 Malbork,karolpiszcz@example.net,792 840 457
600,Aleks,Kudela,85092461049,al. Nowowiejska 67 18-494 Police,fryderyk96@example.com,505 433 476
601,Krzysztof,Cabała,04312372376,plac Topolowa 25/26 49-384 Nowa Sól,adrianna61@example.net,608 529 194
602,Wiktor,Strzoda,02282707637,aleja Podwale 14 33-533 Sanok,ftrzmiel@example.org,+48 738 348 151
603,Jakub,Kożuszek,98102816799,al. Bukowa 21/84 58-690 Oława,olaf16@example.com,720 180 825
604,Olga,Bartkowicz,99022314507,pl. Szewska 72 02-768 Zabrze,nicolesasak@example.com,22 039 34 98
605,Ignacy,Zdancewicz,72032456328,aleja Rataja 882 60-175 Gliwice,nazarkrystyna@example.org,+48 796 797 189
606,Juliusz,Bastek,98102666332,plac Jagiellońska 43/38 18-735 Oława,rwojtunik@example.net,660 097 749
607,Nela,Łupina,84010192632,pl. Wiązowa 30 11-633 Knurów,sebastianlenik@example.com,22 390 55 07
608,Norbert,Pniak,74101427042,plac Wodna 470 81-744 Goleniów,rchuchla@example.net,667 248 846
609,Elżbieta,Kwasek,70081112736,ulica Rubinowa 87/44 99-469 Oława,lazarekolgierd@example.org,726 767 107
