0,name,surname,pesel,adress,email,phone
1,name,surname,pesel,adress,email,phone
2,name,surname,pesel,adress,email,phone
0,name,surname,pesel,adress,email,phone
1,name,surname,pesel,adress,email,phone
2,name,surname,pesel,adress,email,phone
0,name,surname,pesel,adress,email,phone
1,name,surname,pesel,adress,email,phone
2,name,surname,pesel,adress,email,phone
0,name,surname,pesel,adress,email,phone
1,name,surname,pesel,adress,email,phone
2,name,surname,pesel,adress,email,phone
0,name,surname,pesel,adress,email,phone
1,name,surname,pesel,adress,email,phone
2,name,surname,pesel,adress,email,phone
0,name,surname,pesel,adress,email,phone
1,name,surname,pesel,adress,email,phone
2,name,surname,pesel,adress,email,phone
0,name,surname,pesel,adress,email,phone
1,name,surname,pesel,adress,email,phone
2,name,surname,pesel,adress,email,phone
0,name,surname,pesel,adress,email,phone
1,name,surname,pesel,adress,email,phone
2,name,surname,pesel,adress,email,phone
0,name,surname,pesel,adress,email,phone
1,name,surname,pesel,adress,email,phone
2,name,surname,pesel,adress,email,phone
0,name,surname,pesel,adress,email,phone
1,name,surname,pesel,adress,email,phone
2,name,surname,pesel,adress,email,phone
0,name,surname,pesel,adress,email,phone
1,name,surname,pesel,adress,email,phone
2,name,surname,pesel,adress,email,phone
0,name,surname,pesel,adress,email,phone
1,name,surname,pesel,adress,email,phone
2,name,surname,pesel,adress,email,phone
0,name,surname,pesel,adress,email,phone
1,name,surname,pesel,adress,email,phone
2,name,surname,pesel,adress,email,phone
0,name,surname,pesel,adress,email,phone
1,name,surname,pesel,adress,email,phone
2,name,surname,pesel,adress,email,phone
0,name,surname,pesel,adress,email,phone
1,name,surname,pesel,adress,email,phone
2,name,surname,pesel,adress,email,phone
0,name,surname,pesel,adress,email,phone
1,name,surname,pesel,adress,email,phone
2,name,surname,pesel,adress,email,phone
0,name,surname,pesel,adress,email,phone
1,name,surname,pesel,adress,email,phone
2,name,surname,pesel,adress,email,phone
0,name,surname,pesel,adress,email,phone
1,name,surname,pesel,adress,email,phone
2,name,surname,pesel,adress,email,phone
0,name,surname,pesel,adress,email,phone
1,name,surname,pesel,adress,email,phone
2,name,surname,pesel,adress,email,phone
0,name,surname,pesel,adress,email,phone
1,name,surname,pesel,adress,email,phone
2,name,surname,pesel,adress,email,phone
0,name,surname,pesel,adress,email,phone
1,name,surname,pesel,adress,email,phone
2,name,surname,pesel,adress,email,phone
0,name,surname,pesel,adress,email,phone
1,name,surname,pesel,adress,email,phone
2,name,surname,pesel,adress,email,phone
0,name,surname,pesel,adress,email,phone
1,name,surname,pesel,adress,email,phone
2,name,surname,pesel,adress,email,phone
0,name,surname,pesel,adress,email,phone
1,name,surname,pesel,adress,email,phone
2,name,surname,pesel,adress,email,phone
0,name,surname,pesel,adress,email,phone
1,name,surname,pesel,adress,email,phone
2,name,surname,pesel,adress,email,phone
0,name,surname,pesel,adress,email,phone
1,name,surname,pesel,adress,email,phone
2,name,surname,pesel,adress,email,phone
0,name,surname,pesel,adress,email,phone
1,name,surname,pesel,adress,email,phone
2,name,surname,pesel,adress,email,phone
0,name,surname,pesel,adress,email,phone
1,name,surname,pesel,adress,email,phone
2,name,surname,pesel,adress,email,phone
0,name,surname,pesel,adress,email,phone
1,name,surname,pesel,adress,email,phone
2,name,surname,pesel,adress,email,phone
0,name,surname,pesel,adress,email,phone
1,name,surname,pesel,adress,email,phone
2,name,surname,pesel,adress,email,phone
0,name,surname,pesel,adress,email,phone
1,name,surname,pesel,adress,email,phone
2,name,surname,pesel,adress,email,phone
0,name,surname,pesel,adress,email,phone
1,name,surname,pesel,adress,email,phone
2,name,surname,pesel,adress,email,phone
0,name,surname,pesel,adress,email,phone
1,name,surname,pesel,adress,email,phone
2,name,surname,pesel,adress,email,phone
0,name,surname,pesel,adress,email,phone
1,name,surname,pesel,adress,email,phone
2,name,surname,pesel,adress,email,phone
0,name,surname,pesel,adress,email,phone
1,name,surname,pesel,adress,email,phone
2,name,surname,pesel,adress,email,phone
0,name,surname,pesel,adress,email,phone
1,name,surname,pesel,adress,email,phone
2,name,surname,pesel,adress,email,phone
0,name,surname,pesel,adress,email,phone
1,name,surname,pesel,adress,email,phone
2,name,surname,pesel,adress,email,phone
0,name,surname,pesel,adress,email,phone
1,name,surname,pesel,adress,email,phone
2,name,surname,pesel,adress,email,phone
0,name,surname,pesel,adress,email,phone
1,name,surname,pesel,adress,email,phone
2,name,surname,pesel,adress,email,phone
0,name,surname,pesel,adress,email,phone
1,name,surname,pesel,adress,email,phone
2,name,surname,pesel,adress,email,phone
0,name,surname,pesel,adress,email,phone
1,name,surname,pesel,adress,email,phone
2,name,surname,pesel,adress,email,phone
0,name,surname,pesel,adress,email,phone
1,name,surname,pesel,adress,email,phone
2,name,surname,pesel,adress,email,phone
0,name,surname,pesel,adress,email,phone
1,name,surname,pesel,adress,email,phone
2,name,surname,pesel,adress,email,phone
0,name,surname,pesel,adress,email,phone
1,name,surname,pesel,adress,email,phone
2,name,surname,pesel,adress,email,phone
0,name,surname,pesel,adress,email,phone
1,name,surname,pesel,adress,email,phone
2,name,surname,pesel,adress,email,phone
0,name,surname,pesel,adress,email,phone
1,name,surname,pesel,adress,email,phone
2,name,surname,pesel,adress,email,phone
0,name,surname,pesel,adress,email,phone
1,name,surname,pesel,adress,email,phone
2,name,surname,pesel,adress,email,phone
0,name,surname,pesel,adress,email,phone
1,name,surname,pesel,adress,email,phone
2,name,surname,pesel,adress,email,phone
0,name,surname,pesel,adress,email,phone
1,name,surname,pesel,adress,email,phone
2,name,surname,pesel,adress,email,phone
0,name,surname,pesel,adress,email,phone
1,name,surname,pesel,adress,email,phone
2,name,surname,pesel,adress,email,phone
0,name,surname,pesel,adress,email,phone
1,name,surname,pesel,adress,email,phone
2,name,surname,pesel,adress,email,phone
0,name,surname,pesel,adress,email,phone
1,name,surname,pesel,adress,email,phone
2,name,surname,pesel,adress,email,phone
0,name,surname,pesel,adress,email,phone
1,name,surname,pesel,adress,email,phone
2,name,surname,pesel,adress,email,phone
0,name,surname,pesel,adress,email,phone
1,name,surname,pesel,adress,email,phone
2,name,surname,pesel,adress,email,phone
0,name,surname,pesel,adress,email,phone
1,name,surname,pesel,adress,email,phone
2,name,surname,pesel,adress,email,phone
0,name,surname,pesel,adress,email,phone
1,name,surname,pesel,adress,email,phone
2,name,surname,pesel,adress,email,phone
0,name,surname,pesel,adress,email,phone
1,name,surname,pesel,adress,email,phone
2,name,surname,pesel,adress,email,phone
0,name,surname,pesel,adress,email,phone
1,name,surname,pesel,adress,email,phone
2,name,surname,pesel,adress,email,phone
