0,Iwo,Parafiniuk,96091688838,pl. Poziomkowa 288 01-176 Krotoszyn,nawojanastazja@example.com,+48 661 644 077
1,Tymon,Boś,89080543720,al. Wolności 00 49-727 Suwałki,uszok@example.net,+48 694 434 838
2,Natasza,Garncarek,23292726119,pl. Krótka 17 55-929 Głogów,nikodemnurkiewicz@example.com,+48 32 710 53 82
3,Lidia,Chachuła,10261991889,ul. Nowa 58/27 22-329 Koszalin,wkieloch@example.net,601 964 627
4,Anastazja,Duniec,83051580457,al. Kazimierza Wielkiego 781 26-785 Wągrowiec,bdanisz@example.org,+48 32 293 74 40
5,Aleks,Cieloch,70012466004,pl. Dworska 65 75-715 Jasło,jozefdrewniok@example.com,22 465 69 05
6,Jędrzej,Jażdżyk,17221461552,pl. Wybickiego 16 95-950 Ostrowiec Świętokrzyski,anastazjastachewicz@example.com,536 515 658
7,Bianka,Grzeszkowiak,15272540279,ulica Królewska 17 51-711 Rzeszów,oskarprzeklasa@example.org,796 180 397
8,Maciej,Foremniak,20310126267,al. Stefana Batorego 84 09-554 Mikołów,szymonbartkowicz@example.com,+48 666 589 937
9,Sylwia,Fitas,12222661734,ul. Zakole 54 82-904 Gniezno,fudalejkrystian@example.org,+48 693 657 861
10,Tymoteusz,Misiejuk,89021406147,plac Bydgoska 05 06-397 Otwock,olga13@example.org,661 067 627
11,Radosław,Rut,96091555068,ulica Sokola 30 61-607 Katowice,ryszard42@example.net,508 940 513
12,Stefan,Lewicz,21211793840,al. Grunwaldzka 42 13-762 Pruszcz Gdański,alex75@example.org,+48 518 560 406
13,Miłosz,Ryznar,76061274474,aleja Klonowa 50/99 81-547 Płońsk,stefan44@example.com,784 651 579
14,Ada,Bender,12320743824,plac Solidarnosci 39/67 82-591 Lublin,alex35@example.net,+48 796 857 694
15,Oliwier,Filusz,78050659376,ulica Rejtana 12 59-681 Tczew,aureliasapala@example.net,511 160 835
16,Maurycy,Dudko,01321070893,aleja Plater 98/30 34-557 Szczecin,borysklekot@example.org,+48 785 501 867
17,Ida,Buchholz,97052525788,aleja Tartaczna 193 65-926 Tomaszów Mazowiecki,kaszkowiakrafal@example.org,573 719 870
18,Maks,Czerkies,11300357244,ul. Strażacka 51/98 66-640 Będzin,wojewodzicwitold@example.com,539 602 286
19,Marianna,Mętel,97012680531,ulica Kaliska 97 89-100 Świdnica,sbialasik@example.net,+48 512 944 972
20,Monika,Nikel,79053034926,pl. Towarowa 615 01-978 Ostróda,fabianluszczak@example.com,+48 605 247 421
21,Rafał,Basaj,79041199071,aleja Skrajna 197 19-293 Stalowa Wola,zbalcewicz@example.com,+48 791 583 617
22,Maciej,Pastucha,16301128598,aleja Fredry 80/17 72-476 Sopot,aleksander39@example.org,722 189 918
23,Krystian,Fojt,16292388557,ul. Waryńskiego 10/47 83-790 Jastrzębie-Zdrój,tomaszcydzik@example.com,880 969 840
24,Kazimierz,Wąsek,19310741745,aleja Matejki 66 28-422 Przemyśl,krzysztofpeksa@example.com,574 958 118
25,Emil,Supernak,19252775051,al. Szafirowa 12/72 03-269 Kędzierzyn-Koźle,lasicatymoteusz@example.net,+48 668 223 757
26,Olaf,Skolik,99102628070,ul. Rubinowa 60/50 09-885 Bytom,bikurszula@example.net,509 417 928
27,Andrzej,Skrzecz,00230725146,aleja Daszyńskiego 073 68-462 Bartoszyce,golakoliwier@example.net,+48 887 177 023
28,Rozalia,Janoszek,88042529352,ulica Warszawska 863 06-514 Kutno,brunobajko@example.com,723 632 562
29,Ada,Zasępa,70020278282,aleja Ceglana 21 15-115 Świecie,wzaton@example.org,22 916 49 86
30,Urszula,Jodko,94110106198,plac Wąska 100 93-861 Kutno,nicoledyjas@example.com,781 162 138
31,Julita,Druszcz,88120438053,aleja Osiedlowa 21/94 41-649 Świętochłowice,diciek@example.net,692 450 634
32,Marianna,Kinal,18260699586,ulica Majowa 15/60 62-751 Oleśnica,fabian97@example.org,726 668 717
33,Sara,Walentynowicz,04283025659,al. Niecała 386 16-126 Pruszków,zsaczuk@example.org,725 178 198
34,Radosław,Jamrożek,93040643638,aleja Kilińskiego 536 17-974 Biłgoraj,maurycy68@example.net,+48 535 792 686
35,Dominik,Łyskawa,08222060222,ul. Makowa 57/50 15-474 Kościan,swochna@example.com,694 085 010
36,Gaja,Elias,02310520203,ul. Agrestowa 52 04-750 Bolesławiec,tolahartman@example.com,+48 575 592 218
37,Olga,Dusik,24292725498,aleja Zakole 01 59-436 Rzeszów,sjaszczur@example.org,571 522 455
38,Jan,Eckert,77060485593,ulica Tulipanowa 00/54 76-840 Płock,rzeszutkojerzy@example.org,515 572 089
39,Radosław,Tomalak,84092615427,pl. Okrzei 42 80-022 Piastów,tadeuszmartynowicz@example.org,+48 728 899 598
40,Sandra,Holeksa,95102225620,aleja Powstańców 02 80-428 Mikołów,kosmankaja@example.net,+48 32 466 30 03
41,Kornelia,Oczkowicz,04220247405,ul. Łanowa 37/16 43-815 Piastów,sadzarozalia@example.net,+48 721 145 490
42,Natan,Rząd,71042746092,ulica Korfantego 21/26 29-293 Białogard,adriannaniescior@example.net,32 688 54 66
43,Piotr,Witka,02221792504,al. Żeromskiego 242 59-625 Nowy Sącz,tasarzcyprian@example.org,+48 513 748 463
44,Eryk,Bzymek,83051546192,al. Zwycięstwa 09 02-324 Sanok,albertgoliasz@example.com,889 146 192
45,Karol,Szramka,19290746592,al. Władysława Łokietka 674 31-213 Żyrardów,skalabianka@example.org,+48 735 003 545
46,Sandra,Hanusiak,22262519917,aleja Prosta 69 92-379 Płońsk,ryszbianka@example.org,22 774 13 17
47,Grzegorz,Rapa,09251836295,plac Poziomkowa 072 82-439 Turek,sbazyluk@example.org,513 076 733
48,Kamil,Czapiga,84083024104,aleja Drzymały 38 20-891 Jastrzębie-Zdrój,miloszboduch@example.com,601 667 882
